datetime,open,high,low,close,volume
2025-12-31 09:30:00+08:00,0.0,39.7,39.7,39.7,954400
2025-12-31 09:31:00+08:00,0.0,39.8,39.42,39.76,1335200
2025-12-31 09:32:00+08:00,0.0,39.82,39.66,39.72,924200
2025-12-31 09:33:00+08:00,0.0,39.74,39.6,39.64,433000
2025-12-31 09:34:00+08:00,0.0,39.64,39.52,39.54,473200
2025-12-31 09:35:00+08:00,0.0,39.64,39.52,39.6,466800
2025-12-31 09:36:00+08:00,0.0,39.64,39.58,39.62,251200
2025-12-31 09:37:00+08:00,0.0,39.64,39.62,39.64,180400
2025-12-31 09:38:00+08:00,0.0,39.64,39.5,39.52,495600
2025-12-31 09:39:00+08:00,0.0,39.54,39.5,39.52,174200
2025-12-31 09:40:00+08:00,0.0,39.54,39.48,39.5,425200
2025-12-31 09:41:00+08:00,0.0,39.52,39.44,39.48,561200
2025-12-31 09:42:00+08:00,0.0,39.5,39.46,39.46,67200
2025-12-31 09:43:00+08:00,0.0,39.48,39.38,39.42,301800
2025-12-31 09:44:00+08:00,0.0,39.44,39.32,39.32,730800
2025-12-31 09:45:00+08:00,0.0,39.32,39.24,39.24,376000
2025-12-31 09:46:00+08:00,0.0,39.24,39.18,39.2,310000
2025-12-31 09:47:00+08:00,0.0,39.24,39.16,39.16,686800
2025-12-31 09:48:00+08:00,0.0,39.26,39.16,39.24,344200
2025-12-31 09:49:00+08:00,0.0,39.38,39.24,39.38,276000
2025-12-31 09:50:00+08:00,0.0,39.38,39.3,39.32,404000
2025-12-31 09:51:00+08:00,0.0,39.38,39.3,39.38,236600
2025-12-31 09:52:00+08:00,0.0,39.38,39.32,39.36,229400
2025-12-31 09:53:00+08:00,0.0,39.38,39.34,39.38,173000
2025-12-31 09:54:00+08:00,0.0,39.4,39.36,39.38,319400
2025-12-31 09:55:00+08:00,0.0,39.38,39.36,39.36,294200
2025-12-31 09:56:00+08:00,0.0,39.38,39.36,39.38,204400
2025-12-31 09:57:00+08:00,0.0,39.38,39.28,39.28,350600
2025-12-31 09:58:00+08:00,0.0,39.3,39.28,39.28,128200
2025-12-31 09:59:00+08:00,0.0,39.36,39.28,39.34,197800
2025-12-31 10:00:00+08:00,0.0,39.36,39.3,39.3,157000
2025-12-31 10:01:00+08:00,0.0,39.36,39.28,39.36,299000
2025-12-31 10:02:00+08:00,0.0,39.38,39.34,39.36,257800
2025-12-31 10:03:00+08:00,0.0,39.48,39.34,39.48,410200
2025-12-31 10:04:00+08:00,0.0,39.48,39.4,39.46,295600
2025-12-31 10:05:00+08:00,0.0,39.48,39.44,39.46,243800
2025-12-31 10:06:00+08:00,0.0,39.46,39.36,39.38,292200
2025-12-31 10:07:00+08:00,0.0,39.44,39.38,39.42,171600
2025-12-31 10:08:00+08:00,0.0,39.46,39.42,39.46,138200
2025-12-31 10:09:00+08:00,0.0,39.58,39.46,39.58,366800
2025-12-31 10:10:00+08:00,0.0,39.58,39.48,39.5,371000
2025-12-31 10:11:00+08:00,0.0,39.52,39.4,39.42,299200
2025-12-31 10:12:00+08:00,0.0,39.48,39.44,39.46,397600
2025-12-31 10:13:00+08:00,0.0,39.48,39.44,39.48,151800
2025-12-31 10:14:00+08:00,0.0,39.46,39.42,39.44,190600
2025-12-31 10:15:00+08:00,0.0,39.44,39.42,39.44,121600
2025-12-31 10:16:00+08:00,0.0,39.44,39.4,39.4,121600
2025-12-31 10:17:00+08:00,0.0,39.5,39.4,39.5,1159800
2025-12-31 10:18:00+08:00,0.0,39.54,39.48,39.54,224000
2025-12-31 10:19:00+08:00,0.0,39.54,39.48,39.54,205800
2025-12-31 10:20:00+08:00,0.0,39.54,39.46,39.46,411200
2025-12-31 10:21:00+08:00,0.0,39.48,39.42,39.46,193200
2025-12-31 10:22:00+08:00,0.0,39.46,39.4,39.44,211200
2025-12-31 10:23:00+08:00,0.0,39.44,39.4,39.44,191200
2025-12-31 10:24:00+08:00,0.0,39.44,39.42,39.44,231600
2025-12-31 10:25:00+08:00,0.0,39.52,39.44,39.52,312800
2025-12-31 10:26:00+08:00,0.0,39.54,39.48,39.48,308400
2025-12-31 10:27:00+08:00,0.0,39.48,39.38,39.4,461200
2025-12-31 10:28:00+08:00,0.0,39.42,39.38,39.42,197200
2025-12-31 10:29:00+08:00,0.0,39.42,39.4,39.4,86000
2025-12-31 10:30:00+08:00,0.0,39.42,39.36,39.38,420800
2025-12-31 10:31:00+08:00,0.0,39.5,39.38,39.5,143600
2025-12-31 10:32:00+08:00,0.0,39.5,39.48,39.48,88400
2025-12-31 10:33:00+08:00,0.0,39.5,39.46,39.48,188600
2025-12-31 10:34:00+08:00,0.0,39.54,39.46,39.54,133600
2025-12-31 10:35:00+08:00,0.0,39.54,39.5,39.52,161200
2025-12-31 10:36:00+08:00,0.0,39.58,39.5,39.58,201600
2025-12-31 10:37:00+08:00,0.0,39.62,39.56,39.62,358400
2025-12-31 10:38:00+08:00,0.0,39.62,39.54,39.56,300000
2025-12-31 10:39:00+08:00,0.0,39.6,39.54,39.6,136600
2025-12-31 10:40:00+08:00,0.0,39.64,39.6,39.6,383400
2025-12-31 10:41:00+08:00,0.0,39.64,39.58,39.62,537000
2025-12-31 10:42:00+08:00,0.0,39.62,39.6,39.6,122400
2025-12-31 10:43:00+08:00,0.0,39.62,39.54,39.56,164200
2025-12-31 10:44:00+08:00,0.0,39.56,39.5,39.52,197800
2025-12-31 10:45:00+08:00,0.0,39.52,39.5,39.52,176200
2025-12-31 10:46:00+08:00,0.0,39.52,39.46,39.5,367600
2025-12-31 10:47:00+08:00,0.0,39.5,39.48,39.5,89800
2025-12-31 10:48:00+08:00,0.0,39.52,39.5,39.5,99400
2025-12-31 10:49:00+08:00,0.0,39.52,39.48,39.48,149200
2025-12-31 10:50:00+08:00,0.0,39.5,39.48,39.5,76000
2025-12-31 10:51:00+08:00,0.0,39.5,39.48,39.5,69400
2025-12-31 10:52:00+08:00,0.0,39.5,39.46,39.48,154400
2025-12-31 10:53:00+08:00,0.0,39.5,39.46,39.5,101800
2025-12-31 10:54:00+08:00,0.0,39.5,39.48,39.5,298200
2025-12-31 10:55:00+08:00,0.0,39.5,39.46,39.48,149600
2025-12-31 10:56:00+08:00,0.0,39.48,39.4,39.42,193400
2025-12-31 10:57:00+08:00,0.0,39.42,39.38,39.42,181000
2025-12-31 10:58:00+08:00,0.0,39.44,39.4,39.44,89800
2025-12-31 10:59:00+08:00,0.0,39.52,39.42,39.5,466800
2025-12-31 11:00:00+08:00,0.0,39.54,39.5,39.5,758200
2025-12-31 11:01:00+08:00,0.0,39.5,39.44,39.48,99400
2025-12-31 11:02:00+08:00,0.0,39.46,39.44,39.46,74600
2025-12-31 11:03:00+08:00,0.0,39.48,39.44,39.48,186800
2025-12-31 11:04:00+08:00,0.0,39.48,39.46,39.48,74000
2025-12-31 11:05:00+08:00,0.0,39.48,39.42,39.42,271200
2025-12-31 11:06:00+08:00,0.0,39.44,39.42,39.42,127800
2025-12-31 11:07:00+08:00,0.0,39.42,39.34,39.34,296000
2025-12-31 11:08:00+08:00,0.0,39.34,39.28,39.3,545800
2025-12-31 11:09:00+08:00,0.0,39.34,39.24,39.24,877200
2025-12-31 11:10:00+08:00,0.0,39.3,39.24,39.26,652600
2025-12-31 11:11:00+08:00,0.0,39.26,39.16,39.18,600600
2025-12-31 11:12:00+08:00,0.0,39.22,39.16,39.22,354200
2025-12-31 11:13:00+08:00,0.0,39.22,39.2,39.2,89400
2025-12-31 11:14:00+08:00,0.0,39.28,39.22,39.28,367000
2025-12-31 11:15:00+08:00,0.0,39.28,39.26,39.28,136400
2025-12-31 11:16:00+08:00,0.0,39.28,39.22,39.24,170800
2025-12-31 11:17:00+08:00,0.0,39.24,39.22,39.22,87800
2025-12-31 11:18:00+08:00,0.0,39.24,39.2,39.2,214800
2025-12-31 11:19:00+08:00,0.0,39.22,39.2,39.2,136000
2025-12-31 11:20:00+08:00,0.0,39.22,39.2,39.2,101800
2025-12-31 11:21:00+08:00,0.0,39.22,39.2,39.2,108000
2025-12-31 11:22:00+08:00,0.0,39.22,39.2,39.2,124600
2025-12-31 11:23:00+08:00,0.0,39.22,39.12,39.14,1140800
2025-12-31 11:24:00+08:00,0.0,39.18,39.1,39.14,884800
2025-12-31 11:25:00+08:00,0.0,39.16,39.12,39.14,155800
2025-12-31 11:26:00+08:00,0.0,39.16,39.14,39.14,81200
2025-12-31 11:27:00+08:00,0.0,39.16,39.12,39.12,180200
2025-12-31 11:28:00+08:00,0.0,39.14,39.1,39.1,149800
2025-12-31 11:29:00+08:00,0.0,39.12,39.1,39.12,144000
2025-12-31 11:30:00+08:00,0.0,39.12,39.1,39.1,220400
2025-12-31 11:31:00+08:00,0.0,39.12,39.08,39.1,370800
2025-12-31 11:32:00+08:00,0.0,39.1,39.08,39.1,128400
2025-12-31 11:33:00+08:00,0.0,39.1,39.0,39.0,846800
2025-12-31 11:34:00+08:00,0.0,39.02,39.0,39.02,101600
2025-12-31 11:35:00+08:00,0.0,39.02,39.0,39.02,116200
2025-12-31 11:36:00+08:00,0.0,39.02,39.0,39.02,131600
2025-12-31 11:37:00+08:00,0.0,39.04,39.0,39.04,400200
2025-12-31 11:38:00+08:00,0.0,39.06,39.02,39.06,182400
2025-12-31 11:39:00+08:00,0.0,39.06,39.04,39.06,164600
2025-12-31 11:40:00+08:00,0.0,39.06,39.04,39.06,137600
2025-12-31 11:41:00+08:00,0.0,39.08,39.04,39.08,250000
2025-12-31 11:42:00+08:00,0.0,39.08,39.06,39.06,189200
2025-12-31 11:43:00+08:00,0.0,39.1,39.06,39.1,222800
2025-12-31 11:44:00+08:00,0.0,39.14,39.1,39.14,316200
2025-12-31 11:45:00+08:00,0.0,39.14,39.12,39.14,90600
2025-12-31 11:46:00+08:00,0.0,39.14,39.12,39.14,122800
2025-12-31 11:47:00+08:00,0.0,39.14,39.12,39.12,145400
2025-12-31 11:48:00+08:00,0.0,39.14,39.12,39.12,178800
2025-12-31 11:49:00+08:00,0.0,39.14,39.12,39.14,135800
2025-12-31 11:50:00+08:00,0.0,39.14,39.12,39.14,224400
2025-12-31 11:51:00+08:00,0.0,39.18,39.12,39.18,708200
2025-12-31 11:52:00+08:00,0.0,39.18,39.16,39.18,213200
2025-12-31 11:53:00+08:00,0.0,39.2,39.16,39.18,405200
2025-12-31 11:54:00+08:00,0.0,39.22,39.18,39.22,412600
2025-12-31 11:55:00+08:00,0.0,39.24,39.2,39.2,413000
2025-12-31 11:56:00+08:00,0.0,39.24,39.18,39.22,1063800
2025-12-31 11:57:00+08:00,0.0,39.22,39.18,39.18,319000
2025-12-31 11:58:00+08:00,0.0,39.22,39.18,39.2,431000
2025-12-31 11:59:00+08:00,0.0,39.22,39.18,39.22,316000
2025-12-31 12:00:00+08:00,0.0,39.3,39.14,39.3,5184800
2026-01-02 09:30:00+08:00,0.0,39.4,39.36,39.4,465200
2026-01-02 09:31:00+08:00,0.0,39.7,39.28,39.28,1063800
2026-01-02 09:32:00+08:00,0.0,39.48,39.22,39.4,367600
2026-01-02 09:33:00+08:00,0.0,39.66,39.4,39.62,261800
2026-01-02 09:34:00+08:00,0.0,39.66,39.54,39.64,588000
2026-01-02 09:35:00+08:00,0.0,39.66,39.56,39.58,185800
2026-01-02 09:36:00+08:00,0.0,39.72,39.58,39.68,378200
2026-01-02 09:37:00+08:00,0.0,39.68,39.6,39.62,272400
2026-01-02 09:38:00+08:00,0.0,39.62,39.52,39.52,237000
2026-01-02 09:39:00+08:00,0.0,39.6,39.5,39.6,303200
2026-01-02 09:40:00+08:00,0.0,39.76,39.6,39.74,377600
2026-01-02 09:41:00+08:00,0.0,39.84,39.72,39.84,381200
2026-01-02 09:42:00+08:00,0.0,39.84,39.76,39.84,149400
2026-01-02 09:43:00+08:00,0.0,39.9,39.84,39.9,149800
2026-01-02 09:44:00+08:00,0.0,39.96,39.88,39.9,678800
2026-01-02 09:45:00+08:00,0.0,39.9,39.84,39.84,98600
2026-01-02 09:46:00+08:00,0.0,39.9,39.86,39.86,86200
2026-01-02 09:47:00+08:00,0.0,39.96,39.86,39.94,350000
2026-01-02 09:48:00+08:00,0.0,40.04,39.94,40.0,1265200
2026-01-02 09:49:00+08:00,0.0,40.02,39.92,39.94,122600
2026-01-02 09:50:00+08:00,0.0,40.0,39.94,39.98,389800
2026-01-02 09:51:00+08:00,0.0,40.04,39.96,40.02,637800
2026-01-02 09:52:00+08:00,0.0,40.16,40.06,40.16,397600
2026-01-02 09:53:00+08:00,0.0,40.18,40.1,40.16,245200
2026-01-02 09:54:00+08:00,0.0,40.22,40.16,40.18,387400
2026-01-02 09:55:00+08:00,0.0,40.18,40.12,40.12,412800
2026-01-02 09:56:00+08:00,0.0,40.14,40.04,40.04,354000
2026-01-02 09:57:00+08:00,0.0,40.08,40.0,40.0,110000
2026-01-02 09:58:00+08:00,0.0,40.04,39.98,40.02,269800
2026-01-02 09:59:00+08:00,0.0,40.18,40.04,40.16,453600
2026-01-02 10:00:00+08:00,0.0,40.24,40.18,40.24,291400
2026-01-02 10:01:00+08:00,0.0,40.34,40.22,40.34,882000
2026-01-02 10:02:00+08:00,0.0,40.36,40.32,40.36,244800
2026-01-02 10:03:00+08:00,0.0,40.36,40.3,40.3,259200
2026-01-02 10:04:00+08:00,0.0,40.34,40.3,40.32,135600
2026-01-02 10:05:00+08:00,0.0,40.34,40.3,40.32,102200
2026-01-02 10:06:00+08:00,0.0,40.32,40.26,40.28,208200
2026-01-02 10:07:00+08:00,0.0,40.28,40.24,40.26,143200
2026-01-02 10:08:00+08:00,0.0,40.26,40.2,40.22,180400
2026-01-02 10:09:00+08:00,0.0,40.22,40.16,40.18,430200
2026-01-02 10:10:00+08:00,0.0,40.26,40.18,40.26,357800
2026-01-02 10:11:00+08:00,0.0,40.28,40.24,40.28,174800
2026-01-02 10:12:00+08:00,0.0,40.28,40.24,40.24,156000
2026-01-02 10:13:00+08:00,0.0,40.3,40.24,40.3,135000
2026-01-02 10:14:00+08:00,0.0,40.32,40.28,40.32,169400
2026-01-02 10:15:00+08:00,0.0,40.34,40.32,40.32,58800
2026-01-02 10:16:00+08:00,0.0,40.34,40.32,40.32,28400
2026-01-02 10:17:00+08:00,0.0,40.34,40.32,40.32,72000
2026-01-02 10:18:00+08:00,0.0,40.34,40.3,40.32,153000
2026-01-02 10:19:00+08:00,0.0,40.32,40.3,40.32,111600
2026-01-02 10:20:00+08:00,0.0,40.32,40.3,40.32,124000
2026-01-02 10:21:00+08:00,0.0,40.36,40.3,40.34,285200
2026-01-02 10:22:00+08:00,0.0,40.36,40.34,40.36,14200
2026-01-02 10:23:00+08:00,0.0,40.38,40.3,40.32,545800
2026-01-02 10:24:00+08:00,0.0,40.36,40.32,40.34,373600
2026-01-02 10:25:00+08:00,0.0,40.36,40.32,40.36,74200
2026-01-02 10:26:00+08:00,0.0,40.36,40.32,40.34,118600
2026-01-02 10:27:00+08:00,0.0,40.34,40.28,40.28,185200
2026-01-02 10:28:00+08:00,0.0,40.3,40.26,40.26,131200
2026-01-02 10:29:00+08:00,0.0,40.26,40.24,40.26,119000
2026-01-02 10:30:00+08:00,0.0,40.26,40.22,40.24,131200
2026-01-02 10:31:00+08:00,0.0,40.24,40.2,40.22,22400
2026-01-02 10:32:00+08:00,0.0,40.22,40.16,40.16,386800
2026-01-02 10:33:00+08:00,0.0,40.18,40.16,40.16,78000
2026-01-02 10:34:00+08:00,0.0,40.16,40.14,40.16,105000
2026-01-02 10:35:00+08:00,0.0,40.18,40.14,40.18,102600
2026-01-02 10:36:00+08:00,0.0,40.18,40.16,40.18,24400
2026-01-02 10:37:00+08:00,0.0,40.22,40.18,40.2,233600
2026-01-02 10:38:00+08:00,0.0,40.24,40.2,40.24,152200
2026-01-02 10:39:00+08:00,0.0,40.24,40.18,40.22,303200
2026-01-02 10:40:00+08:00,0.0,40.24,40.18,40.2,224400
2026-01-02 10:41:00+08:00,0.0,40.2,40.18,40.18,62200
2026-01-02 10:42:00+08:00,0.0,40.22,40.18,40.22,195400
2026-01-02 10:43:00+08:00,0.0,40.24,40.22,40.22,26000
2026-01-02 10:44:00+08:00,0.0,40.24,40.22,40.24,28000
2026-01-02 10:45:00+08:00,0.0,40.24,40.22,40.24,99000
2026-01-02 10:46:00+08:00,0.0,40.26,40.24,40.24,54800
2026-01-02 10:47:00+08:00,0.0,40.28,40.24,40.26,113800
2026-01-02 10:48:00+08:00,0.0,40.3,40.26,40.28,108000
2026-01-02 10:49:00+08:00,0.0,40.34,40.28,40.34,188800
2026-01-02 10:50:00+08:00,0.0,40.34,40.32,40.32,41200
2026-01-02 10:51:00+08:00,0.0,40.34,40.32,40.34,22400
2026-01-02 10:52:00+08:00,0.0,40.34,40.32,40.32,37600
2026-01-02 10:53:00+08:00,0.0,40.34,40.32,40.32,36200
2026-01-02 10:54:00+08:00,0.0,40.34,40.32,40.32,7000
2026-01-02 10:55:00+08:00,0.0,40.38,40.32,40.34,673400
2026-01-02 10:56:00+08:00,0.0,40.34,40.32,40.34,43800
2026-01-02 10:57:00+08:00,0.0,40.34,40.32,40.32,46200
2026-01-02 10:58:00+08:00,0.0,40.34,40.32,40.32,35200
2026-01-02 10:59:00+08:00,0.0,40.34,40.32,40.32,81600
2026-01-02 11:00:00+08:00,0.0,40.34,40.32,40.34,22600
2026-01-02 11:01:00+08:00,0.0,40.36,40.32,40.36,226000
2026-01-02 11:02:00+08:00,0.0,40.42,40.34,40.42,667400
2026-01-02 11:03:00+08:00,0.0,40.42,40.36,40.42,148200
2026-01-02 11:04:00+08:00,0.0,40.44,40.4,40.44,115600
2026-01-02 11:05:00+08:00,0.0,40.46,40.44,40.46,214400
2026-01-02 11:06:00+08:00,0.0,40.46,40.42,40.42,131800
2026-01-02 11:07:00+08:00,0.0,40.42,40.4,40.42,38400
2026-01-02 11:08:00+08:00,0.0,40.42,40.4,40.4,191200
2026-01-02 11:09:00+08:00,0.0,40.4,40.38,40.38,120800
2026-01-02 11:10:00+08:00,0.0,40.4,40.38,40.38,19800
2026-01-02 11:11:00+08:00,0.0,40.4,40.34,40.34,276600
2026-01-02 11:12:00+08:00,0.0,40.36,40.32,40.36,126800
2026-01-02 11:13:00+08:00,0.0,40.34,40.32,40.32,64200
2026-01-02 11:14:00+08:00,0.0,40.32,40.28,40.28,156400
2026-01-02 11:15:00+08:00,0.0,40.32,40.28,40.32,34200
2026-01-02 11:16:00+08:00,0.0,40.32,40.26,40.26,182200
2026-01-02 11:17:00+08:00,0.0,40.26,40.22,40.24,179400
2026-01-02 11:18:00+08:00,0.0,40.26,40.2,40.24,460200
2026-01-02 11:19:00+08:00,0.0,40.24,40.22,40.22,41800
2026-01-02 11:20:00+08:00,0.0,40.26,40.22,40.24,67000
2026-01-02 11:21:00+08:00,0.0,40.28,40.26,40.26,129000
2026-01-02 11:22:00+08:00,0.0,40.28,40.26,40.26,49000
2026-01-02 11:23:00+08:00,0.0,40.28,40.26,40.28,21400
2026-01-02 11:24:00+08:00,0.0,40.28,40.26,40.28,21200
2026-01-02 11:25:00+08:00,0.0,40.28,40.26,40.28,108000
2026-01-02 11:26:00+08:00,0.0,40.3,40.3,40.3,11800
2026-01-02 11:27:00+08:00,0.0,40.32,40.3,40.32,144400
2026-01-02 11:28:00+08:00,0.0,40.32,40.3,40.32,190200
2026-01-02 11:29:00+08:00,0.0,40.36,40.32,40.34,205800
2026-01-02 11:30:00+08:00,0.0,40.38,40.34,40.38,272800
2026-01-02 11:31:00+08:00,0.0,40.4,40.38,40.4,23600
2026-01-02 11:32:00+08:00,0.0,40.4,40.38,40.38,19200
2026-01-02 11:33:00+08:00,0.0,40.4,40.38,40.38,12400
2026-01-02 11:34:00+08:00,0.0,40.4,40.38,40.38,14600
2026-01-02 11:35:00+08:00,0.0,40.4,40.38,40.38,51600
2026-01-02 11:36:00+08:00,0.0,40.4,40.32,40.32,298600
2026-01-02 11:37:00+08:00,0.0,40.34,40.32,40.32,24200
2026-01-02 11:38:00+08:00,0.0,40.34,40.32,40.34,13000
2026-01-02 11:39:00+08:00,0.0,40.34,40.32,40.32,37000
2026-01-02 11:40:00+08:00,0.0,40.34,40.3,40.3,59800
2026-01-02 11:41:00+08:00,0.0,40.32,40.3,40.3,51000
2026-01-02 11:42:00+08:00,0.0,40.32,40.3,40.32,18400
2026-01-02 11:43:00+08:00,0.0,40.32,40.3,40.32,38600
2026-01-02 11:44:00+08:00,0.0,40.32,40.3,40.3,22600
2026-01-02 11:45:00+08:00,0.0,40.3,40.28,40.28,136800
2026-01-02 11:46:00+08:00,0.0,40.3,40.28,40.28,24600
2026-01-02 11:47:00+08:00,0.0,40.3,40.28,40.3,18600
2026-01-02 11:48:00+08:00,0.0,40.34,40.28,40.32,599800
2026-01-02 11:49:00+08:00,0.0,40.32,40.28,40.28,174600
2026-01-02 11:50:00+08:00,0.0,40.28,40.26,40.28,60200
2026-01-02 11:51:00+08:00,0.0,40.28,40.26,40.28,14800
2026-01-02 11:52:00+08:00,0.0,40.3,40.28,40.28,108800
2026-01-02 11:53:00+08:00,0.0,40.3,40.26,40.28,27400
2026-01-02 11:54:00+08:00,0.0,40.28,40.26,40.26,37200
2026-01-02 11:55:00+08:00,0.0,40.28,40.26,40.28,23000
2026-01-02 11:56:00+08:00,0.0,40.28,40.24,40.24,114800
2026-01-02 11:57:00+08:00,0.0,40.24,40.2,40.22,159200
2026-01-02 11:58:00+08:00,0.0,40.22,40.2,40.22,18000
2026-01-02 11:59:00+08:00,0.0,40.24,40.2,40.24,103800
2026-01-02 12:00:00+08:00,0.0,40.26,40.22,40.26,66400
2026-01-02 13:01:00+08:00,0.0,40.32,40.24,40.28,302000
2026-01-02 13:02:00+08:00,0.0,40.3,40.22,40.24,232800
2026-01-02 13:03:00+08:00,0.0,40.26,40.22,40.26,54600
2026-01-02 13:04:00+08:00,0.0,40.28,40.22,40.28,248400
2026-01-02 13:05:00+08:00,0.0,40.3,40.28,40.3,55800
2026-01-02 13:06:00+08:00,0.0,40.3,40.24,40.26,90200
2026-01-02 13:07:00+08:00,0.0,40.26,40.24,40.24,16000
2026-01-02 13:08:00+08:00,0.0,40.3,40.26,40.3,95200
2026-01-02 13:09:00+08:00,0.0,40.3,40.28,40.3,11800
2026-01-02 13:10:00+08:00,0.0,40.32,40.28,40.32,203200
2026-01-02 13:11:00+08:00,0.0,40.32,40.3,40.3,24000
2026-01-02 13:12:00+08:00,0.0,40.34,40.32,40.32,85600
2026-01-02 13:13:00+08:00,0.0,40.34,40.32,40.34,3800
2026-01-02 13:14:00+08:00,0.0,40.34,40.3,40.32,108800
2026-01-02 13:15:00+08:00,0.0,40.32,40.3,40.32,4200
2026-01-02 13:16:00+08:00,0.0,40.34,40.3,40.32,79400
2026-01-02 13:17:00+08:00,0.0,40.34,40.32,40.34,142600
2026-01-02 13:18:00+08:00,0.0,40.38,40.36,40.38,95000
2026-01-02 13:19:00+08:00,0.0,40.38,40.36,40.38,100600
2026-01-02 13:20:00+08:00,0.0,40.4,40.38,40.4,94400
2026-01-02 13:21:00+08:00,0.0,40.4,40.38,40.4,48600
2026-01-02 13:22:00+08:00,0.0,40.42,40.4,40.42,238400
2026-01-02 13:23:00+08:00,0.0,40.44,40.42,40.42,141200
2026-01-02 13:24:00+08:00,0.0,40.44,40.42,40.44,45800
2026-01-02 13:25:00+08:00,0.0,40.44,40.42,40.44,17800
2026-01-02 13:26:00+08:00,0.0,40.44,40.42,40.42,28400
2026-01-02 13:27:00+08:00,0.0,40.44,40.4,40.42,113600
2026-01-02 13:28:00+08:00,0.0,40.42,40.4,40.42,19000
2026-01-02 13:29:00+08:00,0.0,40.42,40.38,40.38,302600
2026-01-02 13:30:00+08:00,0.0,40.4,40.38,40.38,29000
2026-01-02 13:31:00+08:00,0.0,40.4,40.38,40.38,56600
2026-01-02 13:32:00+08:00,0.0,40.4,40.36,40.38,50000
2026-01-02 13:33:00+08:00,0.0,40.4,40.36,40.4,103000
2026-01-02 13:34:00+08:00,0.0,40.4,40.38,40.4,11200
2026-01-02 13:35:00+08:00,0.0,40.4,40.36,40.38,147200
2026-01-02 13:36:00+08:00,0.0,40.38,40.36,40.38,59600
2026-01-02 13:37:00+08:00,0.0,40.38,40.36,40.36,6800
2026-01-02 13:38:00+08:00,0.0,40.38,40.36,40.36,35600
2026-01-02 13:39:00+08:00,0.0,40.36,40.36,40.36,9600
2026-01-02 13:40:00+08:00,0.0,40.4,40.36,40.38,169200
2026-01-02 13:41:00+08:00,0.0,40.42,40.4,40.42,212600
2026-01-02 13:42:00+08:00,0.0,40.42,40.4,40.42,19600
2026-01-02 13:43:00+08:00,0.0,40.44,40.4,40.44,165000
2026-01-02 13:44:00+08:00,0.0,40.44,40.42,40.44,26000
2026-01-02 13:45:00+08:00,0.0,40.44,40.42,40.44,13200
2026-01-02 13:46:00+08:00,0.0,40.44,40.42,40.44,21800
2026-01-02 13:47:00+08:00,0.0,40.44,40.4,40.4,214800
2026-01-02 13:48:00+08:00,0.0,40.42,40.4,40.4,27800
2026-01-02 13:49:00+08:00,0.0,40.42,40.36,40.38,378400
2026-01-02 13:50:00+08:00,0.0,40.4,40.36,40.38,160800
2026-01-02 13:51:00+08:00,0.0,40.38,40.36,40.36,39000
2026-01-02 13:52:00+08:00,0.0,40.38,40.36,40.38,49200
2026-01-02 13:53:00+08:00,0.0,40.38,40.36,40.38,57200
2026-01-02 13:54:00+08:00,0.0,40.38,40.36,40.38,32400
2026-01-02 13:55:00+08:00,0.0,40.38,40.36,40.36,52600
2026-01-02 13:56:00+08:00,0.0,40.4,40.38,40.38,107000
2026-01-02 13:57:00+08:00,0.0,40.4,40.38,40.4,6000
2026-01-02 13:58:00+08:00,0.0,40.4,40.38,40.38,9000
2026-01-02 13:59:00+08:00,0.0,40.4,40.38,40.38,25200
2026-01-02 14:00:00+08:00,0.0,40.4,40.38,40.4,41600
2026-01-02 14:01:00+08:00,0.0,40.4,40.38,40.4,10800
2026-01-02 14:02:00+08:00,0.0,40.4,40.4,40.4,2200
2026-01-02 14:03:00+08:00,0.0,40.4,40.38,40.4,25600
2026-01-02 14:04:00+08:00,0.0,40.42,40.38,40.4,456000
2026-01-02 14:05:00+08:00,0.0,40.42,40.4,40.42,31800
2026-01-02 14:06:00+08:00,0.0,40.42,40.4,40.42,41600
2026-01-02 14:07:00+08:00,0.0,40.42,40.4,40.4,26800
2026-01-02 14:08:00+08:00,0.0,40.42,40.4,40.4,101000
2026-01-02 14:09:00+08:00,0.0,40.4,40.38,40.38,25800
2026-01-02 14:10:00+08:00,0.0,40.4,40.38,40.4,114600
2026-01-02 14:11:00+08:00,0.0,40.4,40.4,40.4,83000
2026-01-02 14:12:00+08:00,0.0,40.42,40.4,40.4,42600
2026-01-02 14:13:00+08:00,0.0,40.42,40.4,40.42,351800
2026-01-02 14:14:00+08:00,0.0,40.42,40.4,40.42,27600
2026-01-02 14:15:00+08:00,0.0,40.44,40.4,40.44,136400
2026-01-02 14:16:00+08:00,0.0,40.48,40.44,40.46,517800
2026-01-02 14:17:00+08:00,0.0,40.48,40.46,40.46,26600
2026-01-02 14:18:00+08:00,0.0,40.48,40.46,40.46,39400
2026-01-02 14:19:00+08:00,0.0,40.48,40.46,40.46,18600
2026-01-02 14:20:00+08:00,0.0,40.5,40.46,40.5,587800
2026-01-02 14:21:00+08:00,0.0,40.5,40.48,40.48,73200
2026-01-02 14:22:00+08:00,0.0,40.5,40.48,40.5,35600
2026-01-02 14:23:00+08:00,0.0,40.5,40.4,40.42,1603800
2026-01-02 14:24:00+08:00,0.0,40.42,40.36,40.36,220600
2026-01-02 14:25:00+08:00,0.0,40.38,40.34,40.34,129600
2026-01-02 14:26:00+08:00,0.0,40.36,40.3,40.34,210400
2026-01-02 14:27:00+08:00,0.0,40.34,40.32,40.32,43000
2026-01-02 14:28:00+08:00,0.0,40.34,40.32,40.34,20600
2026-01-02 14:29:00+08:00,0.0,40.34,40.32,40.32,62800
2026-01-02 14:30:00+08:00,0.0,40.34,40.3,40.3,73000
2026-01-02 14:31:00+08:00,0.0,40.32,40.3,40.3,59200
2026-01-02 14:32:00+08:00,0.0,40.32,40.24,40.26,743600
2026-01-02 14:33:00+08:00,0.0,40.28,40.26,40.26,240000
2026-01-02 14:34:00+08:00,0.0,40.28,40.26,40.26,15400
2026-01-02 14:35:00+08:00,0.0,40.28,40.26,40.28,31200
2026-01-02 14:36:00+08:00,0.0,40.28,40.26,40.26,23000
2026-01-02 14:37:00+08:00,0.0,40.28,40.26,40.26,29800
2026-01-02 14:38:00+08:00,0.0,40.32,40.26,40.32,568800
2026-01-02 14:39:00+08:00,0.0,40.32,40.3,40.32,25400
2026-01-02 14:40:00+08:00,0.0,40.34,40.3,40.32,335200
2026-01-02 14:41:00+08:00,0.0,40.36,40.32,40.32,281000
2026-01-02 14:42:00+08:00,0.0,40.36,40.32,40.36,74600
2026-01-02 14:43:00+08:00,0.0,40.36,40.36,40.36,12200
2026-01-02 14:44:00+08:00,0.0,40.36,40.34,40.34,20800
2026-01-02 14:45:00+08:00,0.0,40.36,40.34,40.34,28800
2026-01-02 14:46:00+08:00,0.0,40.36,40.34,40.36,21800
2026-01-02 14:47:00+08:00,0.0,40.36,40.34,40.34,135200
2026-01-02 14:48:00+08:00,0.0,40.36,40.34,40.36,29800
2026-01-02 14:49:00+08:00,0.0,40.38,40.34,40.38,206400
2026-01-02 14:50:00+08:00,0.0,40.38,40.36,40.38,91400
2026-01-02 14:51:00+08:00,0.0,40.38,40.36,40.36,8000
2026-01-02 14:52:00+08:00,0.0,40.38,40.36,40.36,125200
2026-01-02 14:53:00+08:00,0.0,40.36,40.34,40.34,246000
2026-01-02 14:54:00+08:00,0.0,40.36,40.34,40.36,119800
2026-01-02 14:55:00+08:00,0.0,40.36,40.34,40.34,20400
2026-01-02 14:56:00+08:00,0.0,40.34,40.3,40.32,287600
2026-01-02 14:57:00+08:00,0.0,40.32,40.28,40.28,72000
2026-01-02 14:58:00+08:00,0.0,40.3,40.28,40.28,52200
2026-01-02 14:59:00+08:00,0.0,40.3,40.28,40.28,100200
2026-01-02 15:00:00+08:00,0.0,40.3,40.24,40.24,406000
2026-01-02 15:01:00+08:00,0.0,40.26,40.22,40.22,109600
2026-01-02 15:02:00+08:00,0.0,40.22,40.18,40.2,360800
2026-01-02 15:03:00+08:00,0.0,40.2,40.18,40.18,161400
2026-01-02 15:04:00+08:00,0.0,40.22,40.18,40.22,618400
2026-01-02 15:05:00+08:00,0.0,40.22,40.2,40.2,27600
2026-01-02 15:06:00+08:00,0.0,40.22,40.2,40.22,56000
2026-01-02 15:07:00+08:00,0.0,40.22,40.2,40.2,36400
2026-01-02 15:08:00+08:00,0.0,40.22,40.2,40.22,41400
2026-01-02 15:09:00+08:00,0.0,40.24,40.2,40.24,206600
2026-01-02 15:10:00+08:00,0.0,40.24,40.22,40.22,50200
2026-01-02 15:11:00+08:00,0.0,40.24,40.22,40.22,146000
2026-01-02 15:12:00+08:00,0.0,40.24,40.22,40.22,50000
2026-01-02 15:13:00+08:00,0.0,40.24,40.2,40.2,58200
2026-01-02 15:14:00+08:00,0.0,40.22,40.2,40.2,27800
2026-01-02 15:15:00+08:00,0.0,40.22,40.2,40.22,43600
2026-01-02 15:16:00+08:00,0.0,40.2,40.14,40.14,399800
2026-01-02 15:17:00+08:00,0.0,40.16,40.12,40.16,586200
2026-01-02 15:18:00+08:00,0.0,40.16,40.14,40.14,90000
2026-01-02 15:19:00+08:00,0.0,40.16,40.14,40.14,76000
2026-01-02 15:20:00+08:00,0.0,40.12,40.1,40.1,258200
2026-01-02 15:21:00+08:00,0.0,40.1,40.08,40.08,287800
2026-01-02 15:22:00+08:00,0.0,40.08,40.06,40.06,110400
2026-01-02 15:23:00+08:00,0.0,40.08,40.06,40.06,57200
2026-01-02 15:24:00+08:00,0.0,40.08,40.04,40.04,243000
2026-01-02 15:25:00+08:00,0.0,40.06,40.04,40.06,50000
2026-01-02 15:26:00+08:00,0.0,40.12,40.04,40.12,1128600
2026-01-02 15:27:00+08:00,0.0,40.12,40.1,40.12,40800
2026-01-02 15:28:00+08:00,0.0,40.12,40.1,40.1,38600
2026-01-02 15:29:00+08:00,0.0,40.14,40.1,40.14,733400
2026-01-02 15:30:00+08:00,0.0,40.14,40.12,40.12,32600
2026-01-02 15:31:00+08:00,0.0,40.16,40.12,40.16,167800
2026-01-02 15:32:00+08:00,0.0,40.16,40.14,40.14,11600
2026-01-02 15:33:00+08:00,0.0,40.16,40.14,40.16,145200
2026-01-02 15:34:00+08:00,0.0,40.16,40.14,40.16,145200
2026-01-02 15:35:00+08:00,0.0,40.16,40.14,40.14,25200
2026-01-02 15:36:00+08:00,0.0,40.16,40.14,40.14,27600
2026-01-02 15:37:00+08:00,0.0,40.16,40.14,40.16,55600
2026-01-02 15:38:00+08:00,0.0,40.18,40.16,40.18,178000
2026-01-02 15:39:00+08:00,0.0,40.18,40.16,40.18,116200
2026-01-02 15:40:00+08:00,0.0,40.18,40.16,40.18,135200
2026-01-02 15:41:00+08:00,0.0,40.18,40.16,40.16,140400
2026-01-02 15:42:00+08:00,0.0,40.18,40.16,40.16,135400
2026-01-02 15:43:00+08:00,0.0,40.18,40.16,40.16,138800
2026-01-02 15:44:00+08:00,0.0,40.18,40.14,40.16,204400
2026-01-02 15:45:00+08:00,0.0,40.16,40.14,40.16,119200
2026-01-02 15:46:00+08:00,0.0,40.14,40.12,40.12,715600
2026-01-02 15:47:00+08:00,0.0,40.14,40.12,40.14,630000
2026-01-02 15:48:00+08:00,0.0,40.14,40.12,40.12,105200
2026-01-02 15:49:00+08:00,0.0,40.14,40.12,40.14,253000
2026-01-02 15:50:00+08:00,0.0,40.14,40.12,40.12,133400
2026-01-02 15:51:00+08:00,0.0,40.14,40.12,40.12,128200
2026-01-02 15:52:00+08:00,0.0,40.14,40.12,40.12,163400
2026-01-02 15:53:00+08:00,0.0,40.14,40.12,40.14,246200
2026-01-02 15:54:00+08:00,0.0,40.22,40.12,40.2,971800
2026-01-02 15:55:00+08:00,0.0,40.22,40.2,40.2,78800
2026-01-02 15:56:00+08:00,0.0,40.2,40.14,40.14,235200
2026-01-02 15:57:00+08:00,0.0,40.16,40.14,40.16,80800
2026-01-02 15:58:00+08:00,0.0,40.16,40.14,40.16,268200
2026-01-02 15:59:00+08:00,0.0,40.16,40.14,40.16,218200
2026-01-02 16:00:00+08:00,0.0,40.28,40.14,40.28,3466800
2026-01-05 09:30:00+08:00,0.0,40.6,40.6,40.6,2300600
2026-01-05 09:31:00+08:00,0.0,40.6,39.84,39.86,3637800
2026-01-05 09:32:00+08:00,0.0,39.9,39.72,39.72,2172200
2026-01-05 09:33:00+08:00,0.0,39.88,39.72,39.78,1857600
2026-01-05 09:34:00+08:00,0.0,39.8,39.7,39.76,1544000
2026-01-05 09:35:00+08:00,0.0,39.86,39.72,39.76,1587000
2026-01-05 09:36:00+08:00,0.0,39.86,39.76,39.84,999200
2026-01-05 09:37:00+08:00,0.0,39.98,39.8,39.94,1170200
2026-01-05 09:38:00+08:00,0.0,39.98,39.88,39.9,831200
2026-01-05 09:39:00+08:00,0.0,39.92,39.86,39.86,933600
2026-01-05 09:40:00+08:00,0.0,39.94,39.84,39.94,340400
2026-01-05 09:41:00+08:00,0.0,40.06,39.9,40.0,1273800
2026-01-05 09:42:00+08:00,0.0,40.0,39.86,39.88,1228200
2026-01-05 09:43:00+08:00,0.0,39.94,39.82,39.84,1003000
2026-01-05 09:44:00+08:00,0.0,39.84,39.74,39.8,903400
2026-01-05 09:45:00+08:00,0.0,39.86,39.8,39.84,596400
2026-01-05 09:46:00+08:00,0.0,39.86,39.66,39.68,1506000
2026-01-05 09:47:00+08:00,0.0,39.72,39.66,39.7,421000
2026-01-05 09:48:00+08:00,0.0,39.82,39.68,39.82,716200
2026-01-05 09:49:00+08:00,0.0,39.82,39.7,39.72,536600
2026-01-05 09:50:00+08:00,0.0,39.74,39.64,39.7,1222600
2026-01-05 09:51:00+08:00,0.0,39.72,39.64,39.66,442000
2026-01-05 09:52:00+08:00,0.0,39.76,39.64,39.76,1008400
2026-01-05 09:53:00+08:00,0.0,39.86,39.76,39.82,720000
2026-01-05 09:54:00+08:00,0.0,39.82,39.76,39.78,339600
2026-01-05 09:55:00+08:00,0.0,39.8,39.7,39.7,543400
2026-01-05 09:56:00+08:00,0.0,39.74,39.68,39.72,691200
2026-01-05 09:57:00+08:00,0.0,39.72,39.56,39.58,1340000
2026-01-05 09:58:00+08:00,0.0,39.6,39.56,39.6,402000
2026-01-05 09:59:00+08:00,0.0,39.66,39.58,39.64,561600
2026-01-05 10:00:00+08:00,0.0,39.66,39.6,39.62,397800
2026-01-05 10:01:00+08:00,0.0,39.68,39.6,39.68,584200
2026-01-05 10:02:00+08:00,0.0,39.68,39.66,39.68,388200
2026-01-05 10:03:00+08:00,0.0,39.7,39.64,39.64,739000
2026-01-05 10:04:00+08:00,0.0,39.64,39.56,39.6,1489200
2026-01-05 10:05:00+08:00,0.0,39.62,39.58,39.6,486800
2026-01-05 10:06:00+08:00,0.0,39.64,39.6,39.62,336600
2026-01-05 10:07:00+08:00,0.0,39.7,39.62,39.68,346200
2026-01-05 10:08:00+08:00,0.0,39.7,39.66,39.68,258400
2026-01-05 10:09:00+08:00,0.0,39.68,39.62,39.62,413400
2026-01-05 10:10:00+08:00,0.0,39.66,39.62,39.64,197400
2026-01-05 10:11:00+08:00,0.0,39.68,39.62,39.66,360600
2026-01-05 10:12:00+08:00,0.0,39.68,39.62,39.64,710600
2026-01-05 10:13:00+08:00,0.0,39.64,39.56,39.58,739600
2026-01-05 10:14:00+08:00,0.0,39.58,39.54,39.56,825200
2026-01-05 10:15:00+08:00,0.0,39.56,39.5,39.5,641800
2026-01-05 10:16:00+08:00,0.0,39.56,39.5,39.56,886200
2026-01-05 10:17:00+08:00,0.0,39.56,39.52,39.54,254000
2026-01-05 10:18:00+08:00,0.0,39.54,39.46,39.48,2130200
2026-01-05 10:19:00+08:00,0.0,39.52,39.46,39.5,493200
2026-01-05 10:20:00+08:00,0.0,39.54,39.48,39.5,527400
2026-01-05 10:21:00+08:00,0.0,39.52,39.5,39.5,165400
2026-01-05 10:22:00+08:00,0.0,39.52,39.5,39.52,185200
2026-01-05 10:23:00+08:00,0.0,39.52,39.48,39.5,280000
2026-01-05 10:24:00+08:00,0.0,39.5,39.48,39.5,234200
2026-01-05 10:25:00+08:00,0.0,39.56,39.48,39.56,591800
2026-01-05 10:26:00+08:00,0.0,39.6,39.58,39.6,330600
2026-01-05 10:27:00+08:00,0.0,39.62,39.58,39.62,724200
2026-01-05 10:28:00+08:00,0.0,39.66,39.6,39.66,314000
2026-01-05 10:29:00+08:00,0.0,39.66,39.64,39.66,118600
2026-01-05 10:30:00+08:00,0.0,39.68,39.64,39.68,198600
2026-01-05 10:31:00+08:00,0.0,39.7,39.68,39.7,270200
2026-01-05 10:32:00+08:00,0.0,39.72,39.68,39.7,266000
2026-01-05 10:33:00+08:00,0.0,39.72,39.7,39.7,181600
2026-01-05 10:34:00+08:00,0.0,39.72,39.64,39.66,305800
2026-01-05 10:35:00+08:00,0.0,39.68,39.64,39.64,254800
2026-01-05 10:36:00+08:00,0.0,39.64,39.58,39.62,390600
2026-01-05 10:37:00+08:00,0.0,39.64,39.6,39.62,185000
2026-01-05 10:38:00+08:00,0.0,39.62,39.6,39.62,114800
2026-01-05 10:39:00+08:00,0.0,39.62,39.56,39.58,242800
2026-01-05 10:40:00+08:00,0.0,39.6,39.56,39.6,463400
2026-01-05 10:41:00+08:00,0.0,39.6,39.56,39.58,165200
2026-01-05 10:42:00+08:00,0.0,39.58,39.52,39.52,239800
2026-01-05 10:43:00+08:00,0.0,39.56,39.52,39.56,256000
2026-01-05 10:44:00+08:00,0.0,39.56,39.54,39.56,172400
2026-01-05 10:45:00+08:00,0.0,39.56,39.52,39.54,255400
2026-01-05 10:46:00+08:00,0.0,39.54,39.46,39.46,1055200
2026-01-05 10:47:00+08:00,0.0,39.48,39.42,39.44,1039200
2026-01-05 10:48:00+08:00,0.0,39.46,39.42,39.44,328200
2026-01-05 10:49:00+08:00,0.0,39.48,39.44,39.48,390800
2026-01-05 10:50:00+08:00,0.0,39.48,39.44,39.46,388800
2026-01-05 10:51:00+08:00,0.0,39.46,39.44,39.46,203200
2026-01-05 10:52:00+08:00,0.0,39.46,39.34,39.34,1623800
2026-01-05 10:53:00+08:00,0.0,39.34,39.32,39.32,314200
2026-01-05 10:54:00+08:00,0.0,39.36,39.32,39.36,1183200
2026-01-05 10:55:00+08:00,0.0,39.4,39.34,39.38,522000
2026-01-05 10:56:00+08:00,0.0,39.4,39.36,39.38,309000
2026-01-05 10:57:00+08:00,0.0,39.4,39.36,39.4,178800
2026-01-05 10:58:00+08:00,0.0,39.4,39.32,39.34,896800
2026-01-05 10:59:00+08:00,0.0,39.34,39.28,39.28,1043400
2026-01-05 11:00:00+08:00,0.0,39.34,39.28,39.34,848600
2026-01-05 11:01:00+08:00,0.0,39.36,39.32,39.36,207600
2026-01-05 11:02:00+08:00,0.0,39.38,39.34,39.38,170400
2026-01-05 11:03:00+08:00,0.0,39.38,39.36,39.38,394200
2026-01-05 11:04:00+08:00,0.0,39.4,39.38,39.4,211000
2026-01-05 11:05:00+08:00,0.0,39.4,39.36,39.36,272200
2026-01-05 11:06:00+08:00,0.0,39.42,39.36,39.42,833200
2026-01-05 11:07:00+08:00,0.0,39.42,39.38,39.4,722800
2026-01-05 11:08:00+08:00,0.0,39.46,39.4,39.44,1613800
2026-01-05 11:09:00+08:00,0.0,39.48,39.42,39.46,536200
2026-01-05 11:10:00+08:00,0.0,39.46,39.42,39.44,418000
2026-01-05 11:11:00+08:00,0.0,39.44,39.38,39.4,638800
2026-01-05 11:12:00+08:00,0.0,39.4,39.36,39.38,244000
2026-01-05 11:13:00+08:00,0.0,39.38,39.32,39.32,564200
2026-01-05 11:14:00+08:00,0.0,39.32,39.3,39.32,318600
2026-01-05 11:15:00+08:00,0.0,39.32,39.3,39.32,146800
2026-01-05 11:16:00+08:00,0.0,39.32,39.3,39.32,174200
2026-01-05 11:17:00+08:00,0.0,39.32,39.3,39.32,180200
2026-01-05 11:18:00+08:00,0.0,39.4,39.3,39.38,1157600
2026-01-05 11:19:00+08:00,0.0,39.4,39.36,39.36,232800
2026-01-05 11:20:00+08:00,0.0,39.38,39.32,39.34,219400
2026-01-05 11:21:00+08:00,0.0,39.34,39.3,39.3,269400
2026-01-05 11:22:00+08:00,0.0,39.32,39.26,39.26,1041000
2026-01-05 11:23:00+08:00,0.0,39.28,39.2,39.24,473600
2026-01-05 11:24:00+08:00,0.0,39.24,39.2,39.22,353200
2026-01-05 11:25:00+08:00,0.0,39.22,39.2,39.22,263000
2026-01-05 11:26:00+08:00,0.0,39.22,39.2,39.22,296800
2026-01-05 11:27:00+08:00,0.0,39.22,39.16,39.18,682600
2026-01-05 11:28:00+08:00,0.0,39.18,39.14,39.16,610400
2026-01-05 11:29:00+08:00,0.0,39.18,39.14,39.18,623600
2026-01-05 11:30:00+08:00,0.0,39.18,39.16,39.18,163800
2026-01-05 11:31:00+08:00,0.0,39.2,39.16,39.2,164800
2026-01-05 11:32:00+08:00,0.0,39.22,39.18,39.22,179200
2026-01-05 11:33:00+08:00,0.0,39.24,39.2,39.24,169000
2026-01-05 11:34:00+08:00,0.0,39.24,39.22,39.22,204000
2026-01-05 11:35:00+08:00,0.0,39.24,39.22,39.24,57200
2026-01-05 11:36:00+08:00,0.0,39.24,39.22,39.24,78000
2026-01-05 11:37:00+08:00,0.0,39.24,39.22,39.24,88200
2026-01-05 11:38:00+08:00,0.0,39.24,39.22,39.22,86400
2026-01-05 11:39:00+08:00,0.0,39.24,39.22,39.24,42400
2026-01-05 11:40:00+08:00,0.0,39.24,39.16,39.16,665400
2026-01-05 11:41:00+08:00,0.0,39.2,39.16,39.18,277600
2026-01-05 11:42:00+08:00,0.0,39.2,39.16,39.2,94000
2026-01-05 11:43:00+08:00,0.0,39.22,39.18,39.2,157600
2026-01-05 11:44:00+08:00,0.0,39.24,39.2,39.24,344600
2026-01-05 11:45:00+08:00,0.0,39.24,39.2,39.22,261000
2026-01-05 11:46:00+08:00,0.0,39.24,39.2,39.2,150400
2026-01-05 11:47:00+08:00,0.0,39.24,39.2,39.22,118400
2026-01-05 11:48:00+08:00,0.0,39.24,39.22,39.24,51200
2026-01-05 11:49:00+08:00,0.0,39.24,39.22,39.24,243800
2026-01-05 11:50:00+08:00,0.0,39.28,39.22,39.26,433800
2026-01-05 11:51:00+08:00,0.0,39.28,39.26,39.28,90200
2026-01-05 11:52:00+08:00,0.0,39.28,39.26,39.28,69600
2026-01-05 11:53:00+08:00,0.0,39.28,39.26,39.28,89000
2026-01-05 11:54:00+08:00,0.0,39.28,39.26,39.28,79200
2026-01-05 11:55:00+08:00,0.0,39.28,39.26,39.28,27400
2026-01-05 11:56:00+08:00,0.0,39.28,39.24,39.26,188400
2026-01-05 11:57:00+08:00,0.0,39.28,39.24,39.28,124400
2026-01-05 11:58:00+08:00,0.0,39.28,39.26,39.28,88200
2026-01-05 11:59:00+08:00,0.0,39.28,39.26,39.28,41000
2026-01-05 12:00:00+08:00,0.0,39.28,39.26,39.26,31600
2026-01-05 13:01:00+08:00,0.0,39.3,39.18,39.2,1594800
2026-01-05 13:02:00+08:00,0.0,39.2,39.16,39.2,721600
2026-01-05 13:03:00+08:00,0.0,39.2,39.18,39.2,217600
2026-01-05 13:04:00+08:00,0.0,39.2,39.18,39.2,140200
2026-01-05 13:05:00+08:00,0.0,39.2,39.18,39.2,152400
2026-01-05 13:06:00+08:00,0.0,39.2,39.18,39.2,182800
2026-01-05 13:07:00+08:00,0.0,39.2,39.18,39.2,141000
2026-01-05 13:08:00+08:00,0.0,39.2,39.18,39.2,159400
2026-01-05 13:09:00+08:00,0.0,39.2,39.16,39.16,596400
2026-01-05 13:10:00+08:00,0.0,39.18,39.16,39.18,176000
2026-01-05 13:11:00+08:00,0.0,39.18,39.16,39.18,155000
2026-01-05 13:12:00+08:00,0.0,39.18,39.16,39.18,183000
2026-01-05 13:13:00+08:00,0.0,39.22,39.16,39.2,1528800
2026-01-05 13:14:00+08:00,0.0,39.32,39.2,39.32,1118400
2026-01-05 13:15:00+08:00,0.0,39.34,39.3,39.32,328200
2026-01-05 13:16:00+08:00,0.0,39.32,39.28,39.28,481400
2026-01-05 13:17:00+08:00,0.0,39.28,39.24,39.26,151600
2026-01-05 13:18:00+08:00,0.0,39.26,39.24,39.26,198800
2026-01-05 13:19:00+08:00,0.0,39.26,39.22,39.22,240600
2026-01-05 13:20:00+08:00,0.0,39.24,39.22,39.24,58800
2026-01-05 13:21:00+08:00,0.0,39.24,39.2,39.22,246800
2026-01-05 13:22:00+08:00,0.0,39.24,39.2,39.22,434400
2026-01-05 13:23:00+08:00,0.0,39.22,39.2,39.22,636800
2026-01-05 13:24:00+08:00,0.0,39.22,39.18,39.2,446200
2026-01-05 13:25:00+08:00,0.0,39.2,39.18,39.2,76000
2026-01-05 13:26:00+08:00,0.0,39.2,39.16,39.18,354600
2026-01-05 13:27:00+08:00,0.0,39.2,39.16,39.2,514000
2026-01-05 13:28:00+08:00,0.0,39.2,39.18,39.2,111600
2026-01-05 13:29:00+08:00,0.0,39.2,39.18,39.2,125600
2026-01-05 13:30:00+08:00,0.0,39.2,39.18,39.2,345400
2026-01-05 13:31:00+08:00,0.0,39.22,39.2,39.22,113800
2026-01-05 13:32:00+08:00,0.0,39.22,39.2,39.22,125000
2026-01-05 13:33:00+08:00,0.0,39.22,39.2,39.22,176200
2026-01-05 13:34:00+08:00,0.0,39.22,39.2,39.22,70600
2026-01-05 13:35:00+08:00,0.0,39.22,39.2,39.22,55800
2026-01-05 13:36:00+08:00,0.0,39.22,39.2,39.2,381400
2026-01-05 13:37:00+08:00,0.0,39.26,39.2,39.26,463200
2026-01-05 13:38:00+08:00,0.0,39.26,39.24,39.26,181800
2026-01-05 13:39:00+08:00,0.0,39.28,39.24,39.28,179400
2026-01-05 13:40:00+08:00,0.0,39.28,39.26,39.26,147000
2026-01-05 13:41:00+08:00,0.0,39.28,39.26,39.28,171000
2026-01-05 13:42:00+08:00,0.0,39.3,39.26,39.28,326400
2026-01-05 13:43:00+08:00,0.0,39.28,39.26,39.28,70000
2026-01-05 13:44:00+08:00,0.0,39.28,39.26,39.28,51600
2026-01-05 13:45:00+08:00,0.0,39.28,39.26,39.28,53400
2026-01-05 13:46:00+08:00,0.0,39.28,39.26,39.28,84600
2026-01-05 13:47:00+08:00,0.0,39.28,39.26,39.28,126400
2026-01-05 13:48:00+08:00,0.0,39.28,39.26,39.28,176600
2026-01-05 13:49:00+08:00,0.0,39.28,39.26,39.28,112000
2026-01-05 13:50:00+08:00,0.0,39.28,39.26,39.28,93400
2026-01-05 13:51:00+08:00,0.0,39.3,39.26,39.28,331600
2026-01-05 13:52:00+08:00,0.0,39.3,39.28,39.28,527400
2026-01-05 13:53:00+08:00,0.0,39.3,39.26,39.3,328200
2026-01-05 13:54:00+08:00,0.0,39.32,39.28,39.32,181600
2026-01-05 13:55:00+08:00,0.0,39.32,39.3,39.3,129000
2026-01-05 13:56:00+08:00,0.0,39.38,39.3,39.38,281000
2026-01-05 13:57:00+08:00,0.0,39.4,39.36,39.4,225200
2026-01-05 13:58:00+08:00,0.0,39.46,39.38,39.42,538200
2026-01-05 13:59:00+08:00,0.0,39.42,39.38,39.4,236000
2026-01-05 14:00:00+08:00,0.0,39.42,39.38,39.4,358400
2026-01-05 14:01:00+08:00,0.0,39.4,39.36,39.38,175200
2026-01-05 14:02:00+08:00,0.0,39.4,39.34,39.36,288800
2026-01-05 14:03:00+08:00,0.0,39.38,39.34,39.38,182200
2026-01-05 14:04:00+08:00,0.0,39.38,39.36,39.36,160200
2026-01-05 14:05:00+08:00,0.0,39.38,39.34,39.36,79000
2026-01-05 14:06:00+08:00,0.0,39.34,39.28,39.3,439000
2026-01-05 14:07:00+08:00,0.0,39.3,39.28,39.28,87200
2026-01-05 14:08:00+08:00,0.0,39.3,39.28,39.3,136000
2026-01-05 14:09:00+08:00,0.0,39.3,39.28,39.3,88000
2026-01-05 14:10:00+08:00,0.0,39.3,39.28,39.3,169800
2026-01-05 14:11:00+08:00,0.0,39.3,39.28,39.3,308400
2026-01-05 14:12:00+08:00,0.0,39.3,39.28,39.3,81200
2026-01-05 14:13:00+08:00,0.0,39.3,39.28,39.3,205000
2026-01-05 14:14:00+08:00,0.0,39.32,39.3,39.32,204800
2026-01-05 14:15:00+08:00,0.0,39.32,39.28,39.3,263800
2026-01-05 14:16:00+08:00,0.0,39.3,39.28,39.3,83200
2026-01-05 14:17:00+08:00,0.0,39.3,39.28,39.3,124800
2026-01-05 14:18:00+08:00,0.0,39.3,39.28,39.3,133000
2026-01-05 14:19:00+08:00,0.0,39.3,39.28,39.28,141200
2026-01-05 14:20:00+08:00,0.0,39.3,39.28,39.28,313000
2026-01-05 14:21:00+08:00,0.0,39.3,39.28,39.3,102200
2026-01-05 14:22:00+08:00,0.0,39.3,39.28,39.3,76200
2026-01-05 14:23:00+08:00,0.0,39.3,39.28,39.3,170400
2026-01-05 14:24:00+08:00,0.0,39.32,39.28,39.32,518800
2026-01-05 14:25:00+08:00,0.0,39.32,39.3,39.32,180400
2026-01-05 14:26:00+08:00,0.0,39.32,39.28,39.3,373800
2026-01-05 14:27:00+08:00,0.0,39.3,39.26,39.28,489000
2026-01-05 14:28:00+08:00,0.0,39.28,39.26,39.26,500200
2026-01-05 14:29:00+08:00,0.0,39.28,39.26,39.26,103400
2026-01-05 14:30:00+08:00,0.0,39.3,39.26,39.3,449600
2026-01-05 14:31:00+08:00,0.0,39.3,39.28,39.3,106400
2026-01-05 14:32:00+08:00,0.0,39.3,39.26,39.26,204800
2026-01-05 14:33:00+08:00,0.0,39.28,39.26,39.28,119000
2026-01-05 14:34:00+08:00,0.0,39.28,39.26,39.28,370200
2026-01-05 14:35:00+08:00,0.0,39.28,39.26,39.28,120000
2026-01-05 14:36:00+08:00,0.0,39.28,39.26,39.28,158000
2026-01-05 14:37:00+08:00,0.0,39.28,39.26,39.28,82600
2026-01-05 14:38:00+08:00,0.0,39.32,39.26,39.3,427600
2026-01-05 14:39:00+08:00,0.0,39.32,39.3,39.32,155200
2026-01-05 14:40:00+08:00,0.0,39.32,39.3,39.32,128200
2026-01-05 14:41:00+08:00,0.0,39.32,39.28,39.3,314800
2026-01-05 14:42:00+08:00,0.0,39.3,39.28,39.28,354200
2026-01-05 14:43:00+08:00,0.0,39.3,39.28,39.3,253400
2026-01-05 14:44:00+08:00,0.0,39.3,39.26,39.28,334600
2026-01-05 14:45:00+08:00,0.0,39.28,39.26,39.26,137800
2026-01-05 14:46:00+08:00,0.0,39.28,39.26,39.28,192600
2026-01-05 14:47:00+08:00,0.0,39.28,39.24,39.26,259800
2026-01-05 14:48:00+08:00,0.0,39.26,39.24,39.26,85000
2026-01-05 14:49:00+08:00,0.0,39.26,39.24,39.26,121600
2026-01-05 14:50:00+08:00,0.0,39.28,39.26,39.28,222800
2026-01-05 14:51:00+08:00,0.0,39.28,39.26,39.28,99800
2026-01-05 14:52:00+08:00,0.0,39.28,39.26,39.26,153400
2026-01-05 14:53:00+08:00,0.0,39.3,39.26,39.3,290800
2026-01-05 14:54:00+08:00,0.0,39.3,39.28,39.3,154800
2026-01-05 14:55:00+08:00,0.0,39.32,39.28,39.32,309200
2026-01-05 14:56:00+08:00,0.0,39.32,39.3,39.32,117600
2026-01-05 14:57:00+08:00,0.0,39.34,39.3,39.34,254800
2026-01-05 14:58:00+08:00,0.0,39.34,39.32,39.34,229200
2026-01-05 14:59:00+08:00,0.0,39.34,39.32,39.34,78600
2026-01-05 15:00:00+08:00,0.0,39.36,39.32,39.36,248800
2026-01-05 15:01:00+08:00,0.0,39.36,39.3,39.3,555600
2026-01-05 15:02:00+08:00,0.0,39.3,39.26,39.3,319800
2026-01-05 15:03:00+08:00,0.0,39.32,39.28,39.3,362400
2026-01-05 15:04:00+08:00,0.0,39.3,39.28,39.3,107800
2026-01-05 15:05:00+08:00,0.0,39.3,39.24,39.26,379800
2026-01-05 15:06:00+08:00,0.0,39.26,39.24,39.26,131400
2026-01-05 15:07:00+08:00,0.0,39.26,39.24,39.26,130000
2026-01-05 15:08:00+08:00,0.0,39.26,39.24,39.26,167600
2026-01-05 15:09:00+08:00,0.0,39.26,39.24,39.26,192600
2026-01-05 15:10:00+08:00,0.0,39.26,39.24,39.26,152000
2026-01-05 15:11:00+08:00,0.0,39.26,39.2,39.22,653400
2026-01-05 15:12:00+08:00,0.0,39.22,39.2,39.2,104600
2026-01-05 15:13:00+08:00,0.0,39.22,39.2,39.22,295200
2026-01-05 15:14:00+08:00,0.0,39.22,39.2,39.22,80200
2026-01-05 15:15:00+08:00,0.0,39.22,39.2,39.22,164600
2026-01-05 15:16:00+08:00,0.0,39.22,39.2,39.22,228000
2026-01-05 15:17:00+08:00,0.0,39.22,39.2,39.22,333200
2026-01-05 15:18:00+08:00,0.0,39.22,39.2,39.2,256000
2026-01-05 15:19:00+08:00,0.0,39.22,39.2,39.22,145600
2026-01-05 15:20:00+08:00,0.0,39.28,39.2,39.26,2676400
2026-01-05 15:21:00+08:00,0.0,39.26,39.22,39.26,213600
2026-01-05 15:22:00+08:00,0.0,39.3,39.24,39.26,838000
2026-01-05 15:23:00+08:00,0.0,39.26,39.24,39.26,236400
2026-01-05 15:24:00+08:00,0.0,39.26,39.24,39.26,102200
2026-01-05 15:25:00+08:00,0.0,39.28,39.24,39.24,482800
2026-01-05 15:26:00+08:00,0.0,39.26,39.22,39.22,281800
2026-01-05 15:27:00+08:00,0.0,39.24,39.22,39.24,128000
2026-01-05 15:28:00+08:00,0.0,39.24,39.22,39.24,288400
2026-01-05 15:29:00+08:00,0.0,39.24,39.22,39.24,402600
2026-01-05 15:30:00+08:00,0.0,39.24,39.22,39.24,116200
2026-01-05 15:31:00+08:00,0.0,39.26,39.24,39.26,635400
2026-01-05 15:32:00+08:00,0.0,39.26,39.24,39.24,130000
2026-01-05 15:33:00+08:00,0.0,39.26,39.22,39.22,475600
2026-01-05 15:34:00+08:00,0.0,39.24,39.22,39.24,208800
2026-01-05 15:35:00+08:00,0.0,39.26,39.22,39.26,532400
2026-01-05 15:36:00+08:00,0.0,39.26,39.24,39.24,300400
2026-01-05 15:37:00+08:00,0.0,39.26,39.22,39.24,294400
2026-01-05 15:38:00+08:00,0.0,39.24,39.22,39.24,94000
2026-01-05 15:39:00+08:00,0.0,39.24,39.22,39.24,110000
2026-01-05 15:40:00+08:00,0.0,39.24,39.22,39.24,235400
2026-01-05 15:41:00+08:00,0.0,39.24,39.22,39.24,502800
2026-01-05 15:42:00+08:00,0.0,39.24,39.22,39.24,264200
2026-01-05 15:43:00+08:00,0.0,39.24,39.22,39.24,264800
2026-01-05 15:44:00+08:00,0.0,39.24,39.22,39.22,1166200
2026-01-05 15:45:00+08:00,0.0,39.22,39.2,39.22,287600
2026-01-05 15:46:00+08:00,0.0,39.22,39.2,39.22,577200
2026-01-05 15:47:00+08:00,0.0,39.22,39.2,39.22,301600
2026-01-05 15:48:00+08:00,0.0,39.22,39.2,39.22,838200
2026-01-05 15:49:00+08:00,0.0,39.22,39.2,39.22,338600
2026-01-05 15:50:00+08:00,0.0,39.22,39.2,39.22,299600
2026-01-05 15:51:00+08:00,0.0,39.24,39.2,39.24,1991400
2026-01-05 15:52:00+08:00,0.0,39.32,39.22,39.32,1027000
2026-01-05 15:53:00+08:00,0.0,39.32,39.3,39.32,871600
2026-01-05 15:54:00+08:00,0.0,39.32,39.28,39.3,1191600
2026-01-05 15:55:00+08:00,0.0,39.3,39.28,39.28,831400
2026-01-05 15:56:00+08:00,0.0,39.32,39.28,39.3,830000
2026-01-05 15:57:00+08:00,0.0,39.3,39.28,39.3,452200
2026-01-05 15:58:00+08:00,0.0,39.34,39.28,39.34,805400
2026-01-05 15:59:00+08:00,0.0,39.36,39.3,39.34,1338600
2026-01-05 16:00:00+08:00,0.0,39.36,39.3,39.34,9061600
2026-01-06 09:30:00+08:00,0.0,39.22,39.08,39.22,2277800
2026-01-06 09:31:00+08:00,0.0,39.4,38.82,38.94,5942200
2026-01-06 09:32:00+08:00,0.0,39.0,38.9,38.92,1194600
2026-01-06 09:33:00+08:00,0.0,38.92,38.9,38.92,704800
2026-01-06 09:34:00+08:00,0.0,38.92,38.82,38.86,2645400
2026-01-06 09:35:00+08:00,0.0,38.9,38.74,38.76,2372400
2026-01-06 09:36:00+08:00,0.0,38.92,38.76,38.92,1371000
2026-01-06 09:37:00+08:00,0.0,38.94,38.86,38.9,760400
2026-01-06 09:38:00+08:00,0.0,39.02,38.88,39.02,951200
2026-01-06 09:39:00+08:00,0.0,39.08,39.02,39.08,739800
2026-01-06 09:40:00+08:00,0.0,39.1,39.0,39.04,916400
2026-01-06 09:41:00+08:00,0.0,39.2,39.04,39.16,732800
2026-01-06 09:42:00+08:00,0.0,39.22,39.14,39.22,429400
2026-01-06 09:43:00+08:00,0.0,39.24,39.12,39.12,651600
2026-01-06 09:44:00+08:00,0.0,39.2,39.1,39.18,934400
2026-01-06 09:45:00+08:00,0.0,39.18,39.08,39.1,852200
2026-01-06 09:46:00+08:00,0.0,39.18,39.08,39.14,1281000
2026-01-06 09:47:00+08:00,0.0,39.14,39.06,39.12,964600
2026-01-06 09:48:00+08:00,0.0,39.14,39.08,39.1,363200
2026-01-06 09:49:00+08:00,0.0,39.1,39.02,39.04,302000
2026-01-06 09:50:00+08:00,0.0,39.04,38.94,38.98,1316800
2026-01-06 09:51:00+08:00,0.0,39.02,38.96,39.0,646000
2026-01-06 09:52:00+08:00,0.0,39.06,38.98,39.06,706600
2026-01-06 09:53:00+08:00,0.0,39.1,39.04,39.1,361800
2026-01-06 09:54:00+08:00,0.0,39.1,39.02,39.06,460000
2026-01-06 09:55:00+08:00,0.0,39.06,39.0,39.06,830000
2026-01-06 09:56:00+08:00,0.0,39.12,39.04,39.08,972600
2026-01-06 09:57:00+08:00,0.0,39.14,39.06,39.14,551800
2026-01-06 09:58:00+08:00,0.0,39.16,39.12,39.16,427000
2026-01-06 09:59:00+08:00,0.0,39.2,39.14,39.18,362600
2026-01-06 10:00:00+08:00,0.0,39.2,39.16,39.2,283600
2026-01-06 10:01:00+08:00,0.0,39.2,39.18,39.2,339400
2026-01-06 10:02:00+08:00,0.0,39.22,39.18,39.22,439000
2026-01-06 10:03:00+08:00,0.0,39.22,39.16,39.16,968800
2026-01-06 10:04:00+08:00,0.0,39.18,39.14,39.16,755400
2026-01-06 10:05:00+08:00,0.0,39.18,39.12,39.14,643600
2026-01-06 10:06:00+08:00,0.0,39.14,39.12,39.14,274000
2026-01-06 10:07:00+08:00,0.0,39.14,39.04,39.1,1519000
2026-01-06 10:08:00+08:00,0.0,39.1,39.02,39.02,254600
2026-01-06 10:09:00+08:00,0.0,39.1,39.02,39.08,827400
2026-01-06 10:10:00+08:00,0.0,39.08,39.04,39.06,215800
2026-01-06 10:11:00+08:00,0.0,39.06,39.02,39.02,373600
2026-01-06 10:12:00+08:00,0.0,39.04,39.0,39.02,418000
2026-01-06 10:13:00+08:00,0.0,39.02,38.98,39.0,930400
2026-01-06 10:14:00+08:00,0.0,39.0,38.92,38.94,1275000
2026-01-06 10:15:00+08:00,0.0,38.96,38.92,38.92,575800
2026-01-06 10:16:00+08:00,0.0,38.94,38.9,38.92,364000
2026-01-06 10:17:00+08:00,0.0,39.0,38.92,38.98,929400
2026-01-06 10:18:00+08:00,0.0,39.0,38.98,39.0,232200
2026-01-06 10:19:00+08:00,0.0,39.0,38.98,39.0,268400
2026-01-06 10:20:00+08:00,0.0,39.0,38.98,38.98,164600
2026-01-06 10:21:00+08:00,0.0,39.0,38.98,39.0,331200
2026-01-06 10:22:00+08:00,0.0,39.0,38.98,39.0,242200
2026-01-06 10:23:00+08:00,0.0,39.0,38.96,38.98,1387800
2026-01-06 10:24:00+08:00,0.0,39.0,38.96,38.98,236400
2026-01-06 10:25:00+08:00,0.0,38.98,38.94,38.96,364200
2026-01-06 10:26:00+08:00,0.0,38.96,38.92,38.92,354800
2026-01-06 10:27:00+08:00,0.0,38.96,38.92,38.94,813000
2026-01-06 10:28:00+08:00,0.0,38.96,38.92,38.96,345000
2026-01-06 10:29:00+08:00,0.0,38.96,38.94,38.96,305400
2026-01-06 10:30:00+08:00,0.0,38.96,38.94,38.94,211800
2026-01-06 10:31:00+08:00,0.0,38.96,38.92,38.96,979000
2026-01-06 10:32:00+08:00,0.0,38.98,38.94,38.98,411800
2026-01-06 10:33:00+08:00,0.0,38.98,38.96,38.96,105800
2026-01-06 10:34:00+08:00,0.0,38.98,38.96,38.98,294200
2026-01-06 10:35:00+08:00,0.0,39.0,38.98,38.98,859800
2026-01-06 10:36:00+08:00,0.0,38.98,38.9,38.9,733000
2026-01-06 10:37:00+08:00,0.0,38.92,38.86,38.88,1755800
2026-01-06 10:38:00+08:00,0.0,38.88,38.82,38.82,729800
2026-01-06 10:39:00+08:00,0.0,38.82,38.76,38.8,4912600
2026-01-06 10:40:00+08:00,0.0,38.8,38.78,38.78,326000
2026-01-06 10:41:00+08:00,0.0,38.8,38.78,38.8,434200
2026-01-06 10:42:00+08:00,0.0,38.86,38.8,38.86,1186400
2026-01-06 10:43:00+08:00,0.0,38.86,38.78,38.8,1282000
2026-01-06 10:44:00+08:00,0.0,38.82,38.78,38.8,268800
2026-01-06 10:45:00+08:00,0.0,38.82,38.8,38.8,219800
2026-01-06 10:46:00+08:00,0.0,38.82,38.8,38.82,489000
2026-01-06 10:47:00+08:00,0.0,38.82,38.8,38.82,551200
2026-01-06 10:48:00+08:00,0.0,38.92,38.82,38.9,392200
2026-01-06 10:49:00+08:00,0.0,38.92,38.9,38.9,399600
2026-01-06 10:50:00+08:00,0.0,38.94,38.9,38.92,323600
2026-01-06 10:51:00+08:00,0.0,38.94,38.9,38.92,209000
2026-01-06 10:52:00+08:00,0.0,38.98,38.92,38.98,691800
2026-01-06 10:53:00+08:00,0.0,39.06,38.98,39.06,1399400
2026-01-06 10:54:00+08:00,0.0,39.08,39.0,39.02,693200
2026-01-06 10:55:00+08:00,0.0,39.02,38.98,38.98,269000
2026-01-06 10:56:00+08:00,0.0,39.0,38.96,38.96,213600
2026-01-06 10:57:00+08:00,0.0,39.02,38.96,39.02,419600
2026-01-06 10:58:00+08:00,0.0,39.02,39.0,39.0,180200
2026-01-06 10:59:00+08:00,0.0,39.02,39.0,39.02,115200
2026-01-06 11:00:00+08:00,0.0,39.02,38.96,38.98,915600
2026-01-06 11:01:00+08:00,0.0,39.0,38.94,38.94,307600
2026-01-06 11:02:00+08:00,0.0,38.96,38.92,38.92,167000
2026-01-06 11:03:00+08:00,0.0,38.94,38.92,38.92,119400
2026-01-06 11:04:00+08:00,0.0,38.92,38.9,38.9,282400
2026-01-06 11:05:00+08:00,0.0,38.94,38.9,38.94,990600
2026-01-06 11:06:00+08:00,0.0,38.94,38.9,38.9,401400
2026-01-06 11:07:00+08:00,0.0,38.92,38.9,38.9,195800
2026-01-06 11:08:00+08:00,0.0,38.92,38.9,38.9,178600
2026-01-06 11:09:00+08:00,0.0,38.92,38.88,38.9,595400
2026-01-06 11:10:00+08:00,0.0,38.96,38.88,38.96,948800
2026-01-06 11:11:00+08:00,0.0,38.96,38.92,38.96,168200
2026-01-06 11:12:00+08:00,0.0,38.96,38.94,38.96,206400
2026-01-06 11:13:00+08:00,0.0,38.98,38.94,38.98,203400
2026-01-06 11:14:00+08:00,0.0,39.02,38.96,39.0,550400
2026-01-06 11:15:00+08:00,0.0,39.02,39.0,39.02,110000
2026-01-06 11:16:00+08:00,0.0,39.02,38.98,39.0,235600
2026-01-06 11:17:00+08:00,0.0,39.02,38.98,39.02,390200
2026-01-06 11:18:00+08:00,0.0,39.02,38.96,38.98,391000
2026-01-06 11:19:00+08:00,0.0,38.98,38.94,38.94,344200
2026-01-06 11:20:00+08:00,0.0,39.02,38.94,39.0,1240600
2026-01-06 11:21:00+08:00,0.0,39.02,38.98,38.98,248000
2026-01-06 11:22:00+08:00,0.0,39.0,38.98,38.98,192600
2026-01-06 11:23:00+08:00,0.0,39.04,38.98,39.02,612800
2026-01-06 11:24:00+08:00,0.0,39.02,39.0,39.0,57200
2026-01-06 11:25:00+08:00,0.0,39.04,39.0,39.0,515200
2026-01-06 11:26:00+08:00,0.0,39.02,39.0,39.02,70000
2026-01-06 11:27:00+08:00,0.0,39.02,38.98,39.0,508200
2026-01-06 11:28:00+08:00,0.0,39.0,38.98,39.0,109400
2026-01-06 11:29:00+08:00,0.0,39.0,38.98,39.0,92000
2026-01-06 11:30:00+08:00,0.0,39.0,38.98,38.98,72800
2026-01-06 11:31:00+08:00,0.0,39.0,38.96,38.98,112400
2026-01-06 11:32:00+08:00,0.0,38.98,38.96,38.98,101000
2026-01-06 11:33:00+08:00,0.0,38.98,38.96,38.98,112600
2026-01-06 11:34:00+08:00,0.0,38.98,38.96,38.98,60200
2026-01-06 11:35:00+08:00,0.0,38.98,38.96,38.98,132400
2026-01-06 11:36:00+08:00,0.0,39.04,38.96,39.0,1150200
2026-01-06 11:37:00+08:00,0.0,39.0,38.98,39.0,107400
2026-01-06 11:38:00+08:00,0.0,39.0,38.98,38.98,75600
2026-01-06 11:39:00+08:00,0.0,39.0,38.96,38.96,619800
2026-01-06 11:40:00+08:00,0.0,38.98,38.96,38.98,81200
2026-01-06 11:41:00+08:00,0.0,38.98,38.96,38.96,60400
2026-01-06 11:42:00+08:00,0.0,39.0,38.96,38.98,1153000
2026-01-06 11:43:00+08:00,0.0,39.02,38.96,39.0,289800
2026-01-06 11:44:00+08:00,0.0,39.0,38.98,39.0,150000
2026-01-06 11:45:00+08:00,0.0,39.0,38.98,39.0,52000
2026-01-06 11:46:00+08:00,0.0,39.0,38.96,38.98,344200
2026-01-06 11:47:00+08:00,0.0,39.0,38.96,38.98,181400
2026-01-06 11:48:00+08:00,0.0,39.0,38.96,39.0,207000
2026-01-06 11:49:00+08:00,0.0,38.98,38.96,38.98,260000
2026-01-06 11:50:00+08:00,0.0,38.98,38.96,38.98,69400
2026-01-06 11:51:00+08:00,0.0,38.98,38.92,38.94,798600
2026-01-06 11:52:00+08:00,0.0,38.94,38.92,38.92,50600
2026-01-06 11:53:00+08:00,0.0,38.94,38.92,38.94,50000
2026-01-06 11:54:00+08:00,0.0,38.94,38.92,38.92,118600
2026-01-06 11:55:00+08:00,0.0,38.94,38.92,38.92,93400
2026-01-06 11:56:00+08:00,0.0,38.94,38.92,38.94,189800
2026-01-06 11:57:00+08:00,0.0,38.94,38.92,38.94,160000
2026-01-06 11:58:00+08:00,0.0,38.94,38.92,38.92,80400
2026-01-06 11:59:00+08:00,0.0,38.94,38.92,38.92,109600
2026-01-06 12:00:00+08:00,0.0,38.94,38.92,38.94,175400
2026-01-06 13:01:00+08:00,0.0,38.98,38.86,38.88,2472800
2026-01-06 13:02:00+08:00,0.0,38.88,38.86,38.88,219000
2026-01-06 13:03:00+08:00,0.0,38.92,38.86,38.9,916200
2026-01-06 13:04:00+08:00,0.0,38.9,38.86,38.86,187000
2026-01-06 13:05:00+08:00,0.0,38.88,38.84,38.86,254400
2026-01-06 13:06:00+08:00,0.0,38.86,38.84,38.86,167800
2026-01-06 13:07:00+08:00,0.0,38.86,38.84,38.86,193000
2026-01-06 13:08:00+08:00,0.0,38.88,38.84,38.88,482400
2026-01-06 13:09:00+08:00,0.0,38.88,38.84,38.86,354800
2026-01-06 13:10:00+08:00,0.0,38.86,38.82,38.84,660800
2026-01-06 13:11:00+08:00,0.0,38.86,38.82,38.86,231400
2026-01-06 13:12:00+08:00,0.0,38.86,38.84,38.84,157000
2026-01-06 13:13:00+08:00,0.0,38.86,38.82,38.86,907800
2026-01-06 13:14:00+08:00,0.0,38.88,38.84,38.88,377800
2026-01-06 13:15:00+08:00,0.0,38.9,38.86,38.9,177800
2026-01-06 13:16:00+08:00,0.0,38.9,38.88,38.88,157000
2026-01-06 13:17:00+08:00,0.0,38.9,38.88,38.9,198400
2026-01-06 13:18:00+08:00,0.0,38.9,38.88,38.88,160600
2026-01-06 13:19:00+08:00,0.0,38.9,38.88,38.88,155400
2026-01-06 13:20:00+08:00,0.0,38.9,38.86,38.88,324400
2026-01-06 13:21:00+08:00,0.0,38.88,38.82,38.84,717600
2026-01-06 13:22:00+08:00,0.0,38.86,38.82,38.86,1217800
2026-01-06 13:23:00+08:00,0.0,38.88,38.84,38.88,193000
2026-01-06 13:24:00+08:00,0.0,38.88,38.86,38.88,135800
2026-01-06 13:25:00+08:00,0.0,38.88,38.86,38.88,557200
2026-01-06 13:26:00+08:00,0.0,38.88,38.86,38.88,261800
2026-01-06 13:27:00+08:00,0.0,38.88,38.86,38.86,253600
2026-01-06 13:28:00+08:00,0.0,38.88,38.86,38.88,106000
2026-01-06 13:29:00+08:00,0.0,38.88,38.86,38.88,148200
2026-01-06 13:30:00+08:00,0.0,38.88,38.86,38.86,315200
2026-01-06 13:31:00+08:00,0.0,38.88,38.86,38.88,163600
2026-01-06 13:32:00+08:00,0.0,38.92,38.86,38.88,1537600
2026-01-06 13:33:00+08:00,0.0,38.9,38.88,38.9,91000
2026-01-06 13:34:00+08:00,0.0,38.9,38.88,38.9,106600
2026-01-06 13:35:00+08:00,0.0,38.9,38.88,38.88,217000
2026-01-06 13:36:00+08:00,0.0,38.9,38.86,38.88,472400
2026-01-06 13:37:00+08:00,0.0,38.88,38.86,38.88,203200
2026-01-06 13:38:00+08:00,0.0,38.88,38.86,38.86,139600
2026-01-06 13:39:00+08:00,0.0,38.88,38.8,38.8,1049800
2026-01-06 13:40:00+08:00,0.0,38.82,38.8,38.82,211400
2026-01-06 13:41:00+08:00,0.0,38.82,38.8,38.82,159400
2026-01-06 13:42:00+08:00,0.0,38.82,38.78,38.78,2281200
2026-01-06 13:43:00+08:00,0.0,38.8,38.78,38.8,288200
2026-01-06 13:44:00+08:00,0.0,38.8,38.78,38.8,387800
2026-01-06 13:45:00+08:00,0.0,38.8,38.78,38.8,155800
2026-01-06 13:46:00+08:00,0.0,38.8,38.76,38.8,2011200
2026-01-06 13:47:00+08:00,0.0,38.8,38.78,38.8,280000
2026-01-06 13:48:00+08:00,0.0,38.8,38.76,38.78,373000
2026-01-06 13:49:00+08:00,0.0,38.82,38.76,38.8,508000
2026-01-06 13:50:00+08:00,0.0,38.82,38.8,38.82,539000
2026-01-06 13:51:00+08:00,0.0,38.84,38.8,38.82,879800
2026-01-06 13:52:00+08:00,0.0,38.84,38.82,38.84,134000
2026-01-06 13:53:00+08:00,0.0,38.84,38.82,38.84,147000
2026-01-06 13:54:00+08:00,0.0,38.84,38.8,38.82,229000
2026-01-06 13:55:00+08:00,0.0,38.82,38.8,38.82,107400
2026-01-06 13:56:00+08:00,0.0,38.82,38.8,38.8,131000
2026-01-06 13:57:00+08:00,0.0,38.82,38.8,38.8,165800
2026-01-06 13:58:00+08:00,0.0,38.82,38.8,38.82,144200
2026-01-06 13:59:00+08:00,0.0,38.82,38.8,38.82,122200
2026-01-06 14:00:00+08:00,0.0,38.82,38.8,38.8,256600
2026-01-06 14:01:00+08:00,0.0,38.82,38.8,38.8,65400
2026-01-06 14:02:00+08:00,0.0,38.82,38.8,38.82,97400
2026-01-06 14:03:00+08:00,0.0,38.82,38.8,38.8,142800
2026-01-06 14:04:00+08:00,0.0,38.82,38.8,38.8,276000
2026-01-06 14:05:00+08:00,0.0,38.82,38.8,38.82,169000
2026-01-06 14:06:00+08:00,0.0,38.82,38.8,38.8,265600
2026-01-06 14:07:00+08:00,0.0,38.82,38.8,38.8,157800
2026-01-06 14:08:00+08:00,0.0,38.82,38.78,38.8,1815400
2026-01-06 14:09:00+08:00,0.0,38.82,38.78,38.82,1359600
2026-01-06 14:10:00+08:00,0.0,38.84,38.82,38.84,102000
2026-01-06 14:11:00+08:00,0.0,38.84,38.82,38.84,194400
2026-01-06 14:12:00+08:00,0.0,38.84,38.82,38.84,127000
2026-01-06 14:13:00+08:00,0.0,38.84,38.82,38.84,88000
2026-01-06 14:14:00+08:00,0.0,38.84,38.82,38.82,118400
2026-01-06 14:15:00+08:00,0.0,38.84,38.82,38.82,229400
2026-01-06 14:16:00+08:00,0.0,38.84,38.82,38.82,188000
2026-01-06 14:17:00+08:00,0.0,38.84,38.82,38.84,257600
2026-01-06 14:18:00+08:00,0.0,38.84,38.82,38.84,328800
2026-01-06 14:19:00+08:00,0.0,38.84,38.8,38.82,354000
2026-01-06 14:20:00+08:00,0.0,38.82,38.8,38.8,189800
2026-01-06 14:21:00+08:00,0.0,38.82,38.8,38.82,268400
2026-01-06 14:22:00+08:00,0.0,38.82,38.8,38.82,190800
2026-01-06 14:23:00+08:00,0.0,38.82,38.8,38.8,347200
2026-01-06 14:24:00+08:00,0.0,38.84,38.8,38.82,941400
2026-01-06 14:25:00+08:00,0.0,38.86,38.82,38.84,573000
2026-01-06 14:26:00+08:00,0.0,38.86,38.84,38.86,210400
2026-01-06 14:27:00+08:00,0.0,38.86,38.84,38.84,133600
2026-01-06 14:28:00+08:00,0.0,38.86,38.84,38.84,187000
2026-01-06 14:29:00+08:00,0.0,38.86,38.84,38.86,132200
2026-01-06 14:30:00+08:00,0.0,38.86,38.82,38.84,808400
2026-01-06 14:31:00+08:00,0.0,38.86,38.84,38.84,703800
2026-01-06 14:32:00+08:00,0.0,38.86,38.82,38.82,235600
2026-01-06 14:33:00+08:00,0.0,38.86,38.82,38.86,849200
2026-01-06 14:34:00+08:00,0.0,38.88,38.84,38.88,366800
2026-01-06 14:35:00+08:00,0.0,38.9,38.86,38.9,807400
2026-01-06 14:36:00+08:00,0.0,38.94,38.9,38.92,510400
2026-01-06 14:37:00+08:00,0.0,38.92,38.9,38.9,113800
2026-01-06 14:38:00+08:00,0.0,38.92,38.88,38.9,266800
2026-01-06 14:39:00+08:00,0.0,38.9,38.88,38.88,414400
2026-01-06 14:40:00+08:00,0.0,38.9,38.88,38.9,159000
2026-01-06 14:41:00+08:00,0.0,38.9,38.88,38.9,553600
2026-01-06 14:42:00+08:00,0.0,38.92,38.88,38.88,305000
2026-01-06 14:43:00+08:00,0.0,38.9,38.88,38.9,187400
2026-01-06 14:44:00+08:00,0.0,38.9,38.88,38.9,157400
2026-01-06 14:45:00+08:00,0.0,38.9,38.88,38.9,179000
2026-01-06 14:46:00+08:00,0.0,38.9,38.86,38.88,1471400
2026-01-06 14:47:00+08:00,0.0,38.9,38.86,38.9,395400
2026-01-06 14:48:00+08:00,0.0,38.92,38.88,38.9,402000
2026-01-06 14:49:00+08:00,0.0,38.92,38.88,38.9,210000
2026-01-06 14:50:00+08:00,0.0,38.92,38.9,38.92,218400
2026-01-06 14:51:00+08:00,0.0,38.92,38.9,38.9,127600
2026-01-06 14:52:00+08:00,0.0,38.92,38.9,38.9,68800
2026-01-06 14:53:00+08:00,0.0,38.92,38.9,38.9,202400
2026-01-06 14:54:00+08:00,0.0,38.92,38.9,38.92,469000
2026-01-06 14:55:00+08:00,0.0,38.94,38.9,38.92,292600
2026-01-06 14:56:00+08:00,0.0,38.94,38.92,38.92,157200
2026-01-06 14:57:00+08:00,0.0,38.94,38.92,38.94,248600
2026-01-06 14:58:00+08:00,0.0,38.94,38.92,38.94,727800
2026-01-06 14:59:00+08:00,0.0,38.94,38.92,38.94,202400
2026-01-06 15:00:00+08:00,0.0,38.94,38.92,38.92,201800
2026-01-06 15:01:00+08:00,0.0,38.94,38.88,38.9,806200
2026-01-06 15:02:00+08:00,0.0,38.9,38.84,38.86,1227800
2026-01-06 15:03:00+08:00,0.0,38.86,38.84,38.86,238600
2026-01-06 15:04:00+08:00,0.0,38.92,38.84,38.9,1549000
2026-01-06 15:05:00+08:00,0.0,38.9,38.88,38.88,101400
2026-01-06 15:06:00+08:00,0.0,38.9,38.88,38.88,381400
2026-01-06 15:07:00+08:00,0.0,38.88,38.86,38.88,238400
2026-01-06 15:08:00+08:00,0.0,38.88,38.86,38.86,109600
2026-01-06 15:09:00+08:00,0.0,38.88,38.86,38.88,198800
2026-01-06 15:10:00+08:00,0.0,38.88,38.84,38.84,513800
2026-01-06 15:11:00+08:00,0.0,38.86,38.84,38.84,429800
2026-01-06 15:12:00+08:00,0.0,38.86,38.84,38.84,281000
2026-01-06 15:13:00+08:00,0.0,38.86,38.84,38.84,182600
2026-01-06 15:14:00+08:00,0.0,38.86,38.84,38.84,205400
2026-01-06 15:15:00+08:00,0.0,38.86,38.84,38.84,319800
2026-01-06 15:16:00+08:00,0.0,38.86,38.84,38.86,531000
2026-01-06 15:17:00+08:00,0.0,38.88,38.84,38.88,1007600
2026-01-06 15:18:00+08:00,0.0,38.88,38.86,38.86,190800
2026-01-06 15:19:00+08:00,0.0,38.88,38.86,38.88,494800
2026-01-06 15:20:00+08:00,0.0,38.88,38.86,38.86,490600
2026-01-06 15:21:00+08:00,0.0,38.9,38.86,38.88,498400
2026-01-06 15:22:00+08:00,0.0,38.9,38.86,38.88,1217600
2026-01-06 15:23:00+08:00,0.0,38.9,38.88,38.9,167400
2026-01-06 15:24:00+08:00,0.0,38.9,38.88,38.88,227800
2026-01-06 15:25:00+08:00,0.0,38.9,38.86,38.88,549000
2026-01-06 15:26:00+08:00,0.0,38.9,38.86,38.9,777800
2026-01-06 15:27:00+08:00,0.0,38.9,38.88,38.88,471400
2026-01-06 15:28:00+08:00,0.0,38.9,38.88,38.9,370400
2026-01-06 15:29:00+08:00,0.0,38.9,38.88,38.88,595200
2026-01-06 15:30:00+08:00,0.0,38.9,38.82,38.84,1962800
2026-01-06 15:31:00+08:00,0.0,38.84,38.82,38.82,415600
2026-01-06 15:32:00+08:00,0.0,38.84,38.82,38.84,487600
2026-01-06 15:33:00+08:00,0.0,38.86,38.82,38.84,1321200
2026-01-06 15:34:00+08:00,0.0,38.86,38.84,38.84,261400
2026-01-06 15:35:00+08:00,0.0,38.88,38.84,38.86,696200
2026-01-06 15:36:00+08:00,0.0,38.88,38.86,38.86,260400
2026-01-06 15:37:00+08:00,0.0,38.86,38.84,38.86,674600
2026-01-06 15:38:00+08:00,0.0,38.92,38.84,38.9,1141000
2026-01-06 15:39:00+08:00,0.0,38.9,38.88,38.88,433000
2026-01-06 15:40:00+08:00,0.0,38.9,38.88,38.9,505200
2026-01-06 15:41:00+08:00,0.0,38.9,38.88,38.9,417400
2026-01-06 15:42:00+08:00,0.0,38.9,38.86,38.86,677400
2026-01-06 15:43:00+08:00,0.0,38.88,38.86,38.86,370800
2026-01-06 15:44:00+08:00,0.0,38.88,38.86,38.88,488800
2026-01-06 15:45:00+08:00,0.0,38.86,38.84,38.84,466400
2026-01-06 15:46:00+08:00,0.0,38.86,38.82,38.84,855400
2026-01-06 15:47:00+08:00,0.0,38.84,38.8,38.82,1061000
2026-01-06 15:48:00+08:00,0.0,38.82,38.8,38.82,574000
2026-01-06 15:49:00+08:00,0.0,38.84,38.8,38.82,1324600
2026-01-06 15:50:00+08:00,0.0,38.84,38.8,38.82,1004600
2026-01-06 15:51:00+08:00,0.0,38.82,38.8,38.82,686200
2026-01-06 15:52:00+08:00,0.0,38.84,38.8,38.84,511800
2026-01-06 15:53:00+08:00,0.0,38.84,38.82,38.82,503000
2026-01-06 15:54:00+08:00,0.0,38.84,38.8,38.8,658800
2026-01-06 15:55:00+08:00,0.0,38.82,38.8,38.8,750800
2026-01-06 15:56:00+08:00,0.0,38.84,38.8,38.82,1397800
2026-01-06 15:57:00+08:00,0.0,38.84,38.8,38.84,707000
2026-01-06 15:58:00+08:00,0.0,38.84,38.8,38.82,662400
2026-01-06 15:59:00+08:00,0.0,38.82,38.8,38.82,570000
2026-01-06 16:00:00+08:00,0.0,38.82,38.76,38.76,12304200
2026-01-07 09:30:00+08:00,38.76,38.76,38.76,38.76,1707600
2026-01-07 09:31:00+08:00,38.74,38.76,38.44,38.56,5653800
2026-01-07 09:32:00+08:00,38.54,38.56,38.38,38.44,2086800
2026-01-07 09:33:00+08:00,38.42,38.52,38.38,38.52,1772600
2026-01-07 09:34:00+08:00,38.5,38.66,38.5,38.56,776400
2026-01-07 09:35:00+08:00,38.56,38.6,38.52,38.58,537800
2026-01-07 09:36:00+08:00,38.58,38.8,38.58,38.74,1024200
2026-01-07 09:37:00+08:00,38.7,38.94,38.7,38.9,1363000
2026-01-07 09:38:00+08:00,38.9,39.0,38.9,38.96,1265200
2026-01-07 09:39:00+08:00,38.96,39.0,38.9,38.96,1415200
2026-01-07 09:40:00+08:00,38.96,39.08,38.94,39.02,1068800
2026-01-07 09:41:00+08:00,39.02,39.02,38.92,39.02,897400
2026-01-07 09:42:00+08:00,39.02,39.1,39.02,39.1,678200
2026-01-07 09:43:00+08:00,39.1,39.1,39.02,39.02,458600
2026-01-07 09:44:00+08:00,39.04,39.16,39.02,39.14,827200
2026-01-07 09:45:00+08:00,39.12,39.16,39.08,39.14,706200
2026-01-07 09:46:00+08:00,39.16,39.2,39.1,39.12,1778800
2026-01-07 09:47:00+08:00,39.12,39.12,39.08,39.08,485800
2026-01-07 09:48:00+08:00,39.08,39.16,39.06,39.16,484800
2026-01-07 09:49:00+08:00,39.16,39.16,39.06,39.12,543800
2026-01-07 09:50:00+08:00,39.1,39.12,39.04,39.04,367600
2026-01-07 09:51:00+08:00,39.04,39.04,39.0,39.02,240600
2026-01-07 09:52:00+08:00,39.02,39.04,39.0,39.02,427400
2026-01-07 09:53:00+08:00,39.02,39.02,38.9,38.9,981000
2026-01-07 09:54:00+08:00,38.9,38.94,38.88,38.88,418400
2026-01-07 09:55:00+08:00,38.9,38.9,38.86,38.88,275000
2026-01-07 09:56:00+08:00,38.88,38.88,38.82,38.88,518600
2026-01-07 09:57:00+08:00,38.88,38.92,38.86,38.92,856000
2026-01-07 09:58:00+08:00,38.92,38.92,38.88,38.9,401400
2026-01-07 09:59:00+08:00,38.92,38.98,38.92,38.98,235200
2026-01-07 10:00:00+08:00,38.98,39.0,38.96,38.98,256000
2026-01-07 10:01:00+08:00,38.98,38.98,38.94,38.94,232600
2026-01-07 10:02:00+08:00,38.94,38.96,38.88,38.88,214400
2026-01-07 10:03:00+08:00,38.9,38.96,38.86,38.96,707000
2026-01-07 10:04:00+08:00,38.96,39.2,38.96,39.16,1255800
2026-01-07 10:05:00+08:00,39.16,39.16,39.06,39.08,244200
2026-01-07 10:06:00+08:00,39.08,39.08,39.04,39.04,172000
2026-01-07 10:07:00+08:00,39.06,39.1,39.04,39.08,248000
2026-01-07 10:08:00+08:00,39.1,39.12,39.06,39.08,194800
2026-01-07 10:09:00+08:00,39.08,39.08,39.02,39.02,222800
2026-01-07 10:10:00+08:00,39.02,39.04,39.0,39.02,162200
2026-01-07 10:11:00+08:00,39.0,39.02,38.94,39.0,587600
2026-01-07 10:12:00+08:00,39.0,39.0,38.98,38.98,116600
2026-01-07 10:13:00+08:00,38.98,39.0,38.9,38.92,402400
2026-01-07 10:14:00+08:00,38.92,38.94,38.88,38.94,1061200
2026-01-07 10:15:00+08:00,38.92,38.94,38.92,38.94,129200
2026-01-07 10:16:00+08:00,38.94,38.94,38.88,38.88,1033800
2026-01-07 10:17:00+08:00,38.88,38.9,38.88,38.9,74800
2026-01-07 10:18:00+08:00,38.9,38.9,38.86,38.86,306400
2026-01-07 10:19:00+08:00,38.84,38.86,38.76,38.76,695000
2026-01-07 10:20:00+08:00,38.76,38.78,38.74,38.76,490400
2026-01-07 10:21:00+08:00,38.78,38.82,38.76,38.82,451600
2026-01-07 10:22:00+08:00,38.82,38.82,38.76,38.8,299400
2026-01-07 10:23:00+08:00,38.8,38.8,38.76,38.78,170400
2026-01-07 10:24:00+08:00,38.78,38.78,38.66,38.68,787600
2026-01-07 10:25:00+08:00,38.66,38.7,38.66,38.7,555600
2026-01-07 10:26:00+08:00,38.68,38.7,38.64,38.66,499400
2026-01-07 10:27:00+08:00,38.66,38.68,38.6,38.6,683000
2026-01-07 10:28:00+08:00,38.6,38.62,38.54,38.56,940600
2026-01-07 10:29:00+08:00,38.54,38.6,38.54,38.56,1856400
2026-01-07 10:30:00+08:00,38.56,38.64,38.54,38.64,1115800
2026-01-07 10:31:00+08:00,38.62,38.66,38.62,38.66,182400
2026-01-07 10:32:00+08:00,38.66,38.66,38.62,38.64,307400
2026-01-07 10:33:00+08:00,38.64,38.64,38.56,38.58,742600
2026-01-07 10:34:00+08:00,38.58,38.62,38.56,38.62,264600
2026-01-07 10:35:00+08:00,38.6,38.62,38.58,38.62,282800
2026-01-07 10:36:00+08:00,38.62,38.62,38.56,38.58,322400
2026-01-07 10:37:00+08:00,38.58,38.58,38.56,38.56,365200
2026-01-07 10:38:00+08:00,38.56,38.56,38.54,38.56,125800
2026-01-07 10:39:00+08:00,38.56,38.56,38.5,38.52,617000
2026-01-07 10:40:00+08:00,38.5,38.52,38.44,38.44,1515000
2026-01-07 10:41:00+08:00,38.46,38.56,38.44,38.56,1542800
2026-01-07 10:42:00+08:00,38.56,38.56,38.52,38.54,183000
2026-01-07 10:43:00+08:00,38.54,38.54,38.5,38.5,299400
2026-01-07 10:44:00+08:00,38.5,38.52,38.5,38.52,84000
2026-01-07 10:45:00+08:00,38.5,38.56,38.5,38.56,440600
2026-01-07 10:46:00+08:00,38.56,38.58,38.54,38.58,193000
2026-01-07 10:47:00+08:00,38.56,38.58,38.56,38.58,330000
2026-01-07 10:48:00+08:00,38.58,38.6,38.58,38.6,187600
2026-01-07 10:49:00+08:00,38.6,38.6,38.56,38.58,396800
2026-01-07 10:50:00+08:00,38.58,38.58,38.52,38.52,399200
2026-01-07 10:51:00+08:00,38.52,38.54,38.52,38.54,155000
2026-01-07 10:52:00+08:00,38.54,38.54,38.52,38.54,126400
2026-01-07 10:53:00+08:00,38.54,38.54,38.52,38.52,228400
2026-01-07 10:54:00+08:00,38.52,38.52,38.46,38.46,685200
2026-01-07 10:55:00+08:00,38.46,38.48,38.46,38.46,155400
2026-01-07 10:56:00+08:00,38.48,38.48,38.44,38.46,378000
2026-01-07 10:57:00+08:00,38.44,38.46,38.44,38.46,220400
2026-01-07 10:58:00+08:00,38.46,38.46,38.44,38.46,428200
2026-01-07 10:59:00+08:00,38.46,38.46,38.44,38.46,347000
2026-01-07 11:00:00+08:00,38.46,38.46,38.44,38.46,95400
2026-01-07 11:01:00+08:00,38.46,38.5,38.44,38.5,1401800
2026-01-07 11:02:00+08:00,38.48,38.5,38.48,38.5,151200
2026-01-07 11:03:00+08:00,38.5,38.5,38.48,38.5,154400
2026-01-07 11:04:00+08:00,38.5,38.5,38.48,38.48,237800
2026-01-07 11:05:00+08:00,38.5,38.5,38.48,38.5,174800
2026-01-07 11:06:00+08:00,38.5,38.5,38.46,38.48,433800
2026-01-07 11:07:00+08:00,38.48,38.48,38.46,38.46,371800
2026-01-07 11:08:00+08:00,38.48,38.48,38.46,38.46,291200
2026-01-07 11:09:00+08:00,38.46,38.46,38.44,38.46,311400
2026-01-07 11:10:00+08:00,38.46,38.46,38.42,38.44,136200
2026-01-07 11:11:00+08:00,38.44,38.44,38.42,38.42,259200
2026-01-07 11:12:00+08:00,38.44,38.44,38.42,38.42,200600
2026-01-07 11:13:00+08:00,38.44,38.44,38.42,38.42,339800
2026-01-07 11:14:00+08:00,38.44,38.44,38.42,38.44,363400
2026-01-07 11:15:00+08:00,38.44,38.44,38.42,38.42,484600
2026-01-07 11:16:00+08:00,38.42,38.44,38.42,38.44,851200
2026-01-07 11:17:00+08:00,38.44,38.46,38.42,38.44,416200
2026-01-07 11:18:00+08:00,38.44,38.46,38.44,38.46,272000
2026-01-07 11:19:00+08:00,38.46,38.46,38.44,38.46,194200
2026-01-07 11:20:00+08:00,38.46,38.46,38.38,38.4,2283000
2026-01-07 11:21:00+08:00,38.4,38.42,38.36,38.38,1099600
2026-01-07 11:22:00+08:00,38.38,38.4,38.36,38.38,298200
2026-01-07 11:23:00+08:00,38.4,38.44,38.38,38.42,453400
2026-01-07 11:24:00+08:00,38.44,38.44,38.4,38.42,122000
2026-01-07 11:25:00+08:00,38.42,38.42,38.4,38.4,138600
2026-01-07 11:26:00+08:00,38.4,38.42,38.4,38.42,162000
2026-01-07 11:27:00+08:00,38.42,38.42,38.4,38.42,69400
2026-01-07 11:28:00+08:00,38.42,38.42,38.4,38.4,221400
2026-01-07 11:29:00+08:00,38.42,38.42,38.4,38.42,151200
2026-01-07 11:30:00+08:00,38.4,38.42,38.38,38.4,391200
2026-01-07 11:31:00+08:00,38.4,38.4,38.36,38.38,595000
2026-01-07 11:32:00+08:00,38.38,38.38,38.36,38.36,231400
2026-01-07 11:33:00+08:00,38.38,38.38,38.36,38.38,160600
2026-01-07 11:34:00+08:00,38.38,38.38,38.34,38.36,554800
2026-01-07 11:35:00+08:00,38.36,38.36,38.32,38.32,477200
2026-01-07 11:36:00+08:00,38.34,38.34,38.3,38.32,703600
2026-01-07 11:37:00+08:00,38.32,38.34,38.3,38.34,478000
2026-01-07 11:38:00+08:00,38.34,38.34,38.32,38.34,194800
2026-01-07 11:39:00+08:00,38.34,38.34,38.32,38.32,213400
2026-01-07 11:40:00+08:00,38.32,38.34,38.32,38.34,202000
2026-01-07 11:41:00+08:00,38.34,38.34,38.32,38.34,78400
2026-01-07 11:42:00+08:00,38.34,38.34,38.32,38.34,257800
2026-01-07 11:43:00+08:00,38.34,38.34,38.28,38.3,1262400
2026-01-07 11:44:00+08:00,38.3,38.3,38.28,38.28,253200
2026-01-07 11:45:00+08:00,38.3,38.3,38.28,38.28,162400
2026-01-07 11:46:00+08:00,38.3,38.3,38.28,38.3,83200
2026-01-07 11:47:00+08:00,38.3,38.32,38.28,38.3,1425400
2026-01-07 11:48:00+08:00,38.3,38.32,38.28,38.32,201200
2026-01-07 11:49:00+08:00,38.3,38.32,38.3,38.32,118400
2026-01-07 11:50:00+08:00,38.32,38.32,38.3,38.3,127000
2026-01-07 11:51:00+08:00,38.32,38.32,38.3,38.32,104600
2026-01-07 11:52:00+08:00,38.32,38.32,38.28,38.3,229400
2026-01-07 11:53:00+08:00,38.3,38.3,38.28,38.3,160400
2026-01-07 11:54:00+08:00,38.3,38.3,38.26,38.28,265000
2026-01-07 11:55:00+08:00,38.26,38.28,38.26,38.28,121600
2026-01-07 11:56:00+08:00,38.28,38.28,38.24,38.26,595000
2026-01-07 11:57:00+08:00,38.24,38.26,38.24,38.26,86200
2026-01-07 11:58:00+08:00,38.26,38.26,38.24,38.26,143400
2026-01-07 11:59:00+08:00,38.26,38.26,38.24,38.26,390200
2026-01-07 12:00:00+08:00,38.26,38.26,38.24,38.24,199600
2026-01-07 13:01:00+08:00,38.26,38.3,38.16,38.16,3380800
2026-01-07 13:02:00+08:00,38.18,38.18,38.12,38.18,1377600
2026-01-07 13:03:00+08:00,38.18,38.18,38.14,38.14,390200
2026-01-07 13:04:00+08:00,38.14,38.14,38.1,38.1,682000
2026-01-07 13:05:00+08:00,38.12,38.2,38.1,38.18,1367400
2026-01-07 13:06:00+08:00,38.18,38.22,38.16,38.18,502000
2026-01-07 13:07:00+08:00,38.18,38.18,38.12,38.14,753800
2026-01-07 13:08:00+08:00,38.14,38.2,38.12,38.2,347400
2026-01-07 13:09:00+08:00,38.2,38.2,38.18,38.2,243000
2026-01-07 13:10:00+08:00,38.2,38.2,38.16,38.18,371200
2026-01-07 13:11:00+08:00,38.16,38.16,38.12,38.14,640200
2026-01-07 13:12:00+08:00,38.14,38.16,38.14,38.14,157200
2026-01-07 13:13:00+08:00,38.16,38.18,38.14,38.18,866400
2026-01-07 13:14:00+08:00,38.18,38.18,38.14,38.16,365400
2026-01-07 13:15:00+08:00,38.18,38.2,38.16,38.2,350600
2026-01-07 13:16:00+08:00,38.2,38.26,38.2,38.22,676800
2026-01-07 13:17:00+08:00,38.22,38.26,38.2,38.24,415000
2026-01-07 13:18:00+08:00,38.24,38.24,38.22,38.22,140800
2026-01-07 13:19:00+08:00,38.24,38.26,38.2,38.2,612800
2026-01-07 13:20:00+08:00,38.2,38.2,38.16,38.18,406400
2026-01-07 13:21:00+08:00,38.2,38.24,38.18,38.24,294800
2026-01-07 13:22:00+08:00,38.24,38.24,38.2,38.22,245200
2026-01-07 13:23:00+08:00,38.22,38.22,38.14,38.2,1355400
2026-01-07 13:24:00+08:00,38.2,38.22,38.18,38.22,302400
2026-01-07 13:25:00+08:00,38.22,38.22,38.14,38.16,600400
2026-01-07 13:26:00+08:00,38.14,38.16,38.14,38.16,266200
2026-01-07 13:27:00+08:00,38.16,38.18,38.14,38.18,256800
2026-01-07 13:28:00+08:00,38.18,38.18,38.12,38.12,415600
2026-01-07 13:29:00+08:00,38.12,38.18,38.12,38.16,613000
2026-01-07 13:30:00+08:00,38.16,38.18,38.12,38.16,425800
2026-01-07 13:31:00+08:00,38.16,38.2,38.14,38.16,282600
2026-01-07 13:32:00+08:00,38.16,38.16,38.14,38.16,205400
2026-01-07 13:33:00+08:00,38.16,38.16,38.12,38.14,256200
2026-01-07 13:34:00+08:00,38.12,38.14,38.12,38.14,310200
2026-01-07 13:35:00+08:00,38.14,38.16,38.12,38.16,635800
2026-01-07 13:36:00+08:00,38.16,38.22,38.14,38.2,378200
2026-01-07 13:37:00+08:00,38.2,38.2,38.18,38.2,156400
2026-01-07 13:38:00+08:00,38.2,38.22,38.18,38.22,365800
2026-01-07 13:39:00+08:00,38.22,38.22,38.18,38.2,171600
2026-01-07 13:40:00+08:00,38.2,38.2,38.14,38.16,365200
2026-01-07 13:41:00+08:00,38.16,38.16,38.14,38.16,140800
2026-01-07 13:42:00+08:00,38.16,38.16,38.14,38.16,123200
2026-01-07 13:43:00+08:00,38.16,38.16,38.14,38.16,140000
2026-01-07 13:44:00+08:00,38.16,38.16,38.14,38.16,181400
2026-01-07 13:45:00+08:00,38.16,38.16,38.14,38.16,245400
2026-01-07 13:46:00+08:00,38.16,38.16,38.14,38.16,168400
2026-01-07 13:47:00+08:00,38.16,38.16,38.14,38.16,275000
2026-01-07 13:48:00+08:00,38.16,38.16,38.14,38.16,212200
2026-01-07 13:49:00+08:00,38.16,38.16,38.14,38.16,143800
2026-01-07 13:50:00+08:00,38.14,38.16,38.14,38.14,190800
2026-01-07 13:51:00+08:00,38.14,38.16,38.14,38.16,146400
2026-01-07 13:52:00+08:00,38.14,38.16,38.14,38.14,162800
2026-01-07 13:53:00+08:00,38.16,38.16,38.14,38.14,224200
2026-01-07 13:54:00+08:00,38.16,38.16,38.14,38.16,229800
2026-01-07 13:55:00+08:00,38.16,38.2,38.14,38.2,876200
2026-01-07 13:56:00+08:00,38.2,38.2,38.16,38.18,147800
2026-01-07 13:57:00+08:00,38.18,38.18,38.16,38.18,132400
2026-01-07 13:58:00+08:00,38.18,38.18,38.16,38.18,190800
2026-01-07 13:59:00+08:00,38.18,38.18,38.16,38.16,145400
2026-01-07 14:00:00+08:00,38.18,38.18,38.14,38.16,149000
2026-01-07 14:01:00+08:00,38.16,38.16,38.12,38.14,633600
2026-01-07 14:02:00+08:00,38.14,38.14,38.12,38.14,429200
2026-01-07 14:03:00+08:00,38.14,38.16,38.12,38.14,605400
2026-01-07 14:04:00+08:00,38.16,38.16,38.14,38.16,86000
2026-01-07 14:05:00+08:00,38.16,38.16,38.14,38.16,82000
2026-01-07 14:06:00+08:00,38.16,38.16,38.14,38.16,162800
2026-01-07 14:07:00+08:00,38.16,38.16,38.14,38.16,94000
2026-01-07 14:08:00+08:00,38.16,38.16,38.14,38.16,204400
2026-01-07 14:09:00+08:00,38.16,38.16,38.14,38.16,420800
2026-01-07 14:10:00+08:00,38.16,38.16,38.14,38.16,235400
2026-01-07 14:11:00+08:00,38.16,38.16,38.14,38.16,132800
2026-01-07 14:12:00+08:00,38.16,38.18,38.14,38.18,756400
2026-01-07 14:13:00+08:00,38.18,38.2,38.16,38.2,495800
2026-01-07 14:14:00+08:00,38.2,38.2,38.18,38.2,137400
2026-01-07 14:15:00+08:00,38.2,38.2,38.16,38.18,321000
2026-01-07 14:16:00+08:00,38.18,38.18,38.16,38.16,538400
2026-01-07 14:17:00+08:00,38.16,38.16,38.14,38.14,122800
2026-01-07 14:18:00+08:00,38.16,38.16,38.14,38.16,180000
2026-01-07 14:19:00+08:00,38.14,38.16,38.14,38.16,146200
2026-01-07 14:20:00+08:00,38.16,38.16,38.14,38.14,268400
2026-01-07 14:21:00+08:00,38.16,38.16,38.14,38.14,286600
2026-01-07 14:22:00+08:00,38.14,38.14,38.1,38.12,1095000
2026-01-07 14:23:00+08:00,38.1,38.12,38.06,38.08,2328400
2026-01-07 14:24:00+08:00,38.06,38.08,38.06,38.08,389000
2026-01-07 14:25:00+08:00,38.08,38.12,38.06,38.12,1886600
2026-01-07 14:26:00+08:00,38.12,38.12,38.1,38.1,249200
2026-01-07 14:27:00+08:00,38.12,38.12,38.1,38.12,184400
2026-01-07 14:28:00+08:00,38.12,38.12,38.1,38.12,105600
2026-01-07 14:29:00+08:00,38.12,38.12,38.1,38.12,215800
2026-01-07 14:30:00+08:00,38.12,38.12,38.08,38.1,627000
2026-01-07 14:31:00+08:00,38.08,38.1,38.08,38.08,278800
2026-01-07 14:32:00+08:00,38.08,38.08,38.06,38.06,197800
2026-01-07 14:33:00+08:00,38.08,38.08,38.06,38.08,306200
2026-01-07 14:34:00+08:00,38.08,38.08,38.06,38.08,518600
2026-01-07 14:35:00+08:00,38.08,38.08,38.06,38.06,215000
2026-01-07 14:36:00+08:00,38.06,38.08,38.04,38.06,257200
2026-01-07 14:37:00+08:00,38.06,38.06,38.04,38.04,321600
2026-01-07 14:38:00+08:00,38.06,38.06,38.02,38.06,1306200
2026-01-07 14:39:00+08:00,38.06,38.08,38.04,38.08,587800
2026-01-07 14:40:00+08:00,38.08,38.1,38.06,38.1,366000
2026-01-07 14:41:00+08:00,38.1,38.1,38.08,38.1,165600
2026-01-07 14:42:00+08:00,38.1,38.1,38.08,38.08,176400
2026-01-07 14:43:00+08:00,38.1,38.1,38.08,38.1,370600
2026-01-07 14:44:00+08:00,38.08,38.1,38.08,38.1,411600
2026-01-07 14:45:00+08:00,38.08,38.1,38.08,38.1,285600
2026-01-07 14:46:00+08:00,38.1,38.1,38.08,38.1,288200
2026-01-07 14:47:00+08:00,38.1,38.1,38.08,38.1,136600
2026-01-07 14:48:00+08:00,38.1,38.1,38.08,38.1,450800
2026-01-07 14:49:00+08:00,38.1,38.1,38.08,38.08,186000
2026-01-07 14:50:00+08:00,38.1,38.1,38.08,38.1,340200
2026-01-07 14:51:00+08:00,38.1,38.1,38.08,38.1,161000
2026-01-07 14:52:00+08:00,38.1,38.1,38.08,38.1,194400
2026-01-07 14:53:00+08:00,38.1,38.1,38.06,38.08,402200
2026-01-07 14:54:00+08:00,38.06,38.08,38.06,38.08,218400
2026-01-07 14:55:00+08:00,38.08,38.08,38.06,38.06,364200
2026-01-07 14:56:00+08:00,38.08,38.1,38.06,38.1,651600
2026-01-07 14:57:00+08:00,38.1,38.12,38.08,38.12,343800
2026-01-07 14:58:00+08:00,38.12,38.12,38.1,38.12,200800
2026-01-07 14:59:00+08:00,38.12,38.12,38.1,38.12,363000
2026-01-07 15:00:00+08:00,38.12,38.12,38.1,38.12,316600
2026-01-07 15:01:00+08:00,38.12,38.12,38.1,38.12,191000
2026-01-07 15:02:00+08:00,38.12,38.12,38.1,38.12,250200
2026-01-07 15:03:00+08:00,38.1,38.12,38.1,38.12,275000
2026-01-07 15:04:00+08:00,38.12,38.12,38.08,38.08,672600
2026-01-07 15:05:00+08:00,38.08,38.14,38.08,38.14,1000000
2026-01-07 15:06:00+08:00,38.14,38.14,38.12,38.14,207600
2026-01-07 15:07:00+08:00,38.14,38.14,38.12,38.14,217200
2026-01-07 15:08:00+08:00,38.14,38.14,38.1,38.12,479200
2026-01-07 15:09:00+08:00,38.1,38.14,38.08,38.12,1121800
2026-01-07 15:10:00+08:00,38.14,38.14,38.12,38.14,403200
2026-01-07 15:11:00+08:00,38.14,38.14,38.12,38.12,398600
2026-01-07 15:12:00+08:00,38.12,38.16,38.12,38.16,330600
2026-01-07 15:13:00+08:00,38.16,38.2,38.16,38.2,707200
2026-01-07 15:14:00+08:00,38.2,38.2,38.16,38.16,698600
2026-01-07 15:15:00+08:00,38.16,38.16,38.12,38.14,372600
2026-01-07 15:16:00+08:00,38.14,38.14,38.1,38.12,617000
2026-01-07 15:17:00+08:00,38.12,38.16,38.12,38.14,569600
2026-01-07 15:18:00+08:00,38.14,38.14,38.12,38.14,268600
2026-01-07 15:19:00+08:00,38.14,38.18,38.12,38.18,482600
2026-01-07 15:20:00+08:00,38.18,38.18,38.16,38.16,367000
2026-01-07 15:21:00+08:00,38.18,38.2,38.16,38.2,411400
2026-01-07 15:22:00+08:00,38.2,38.2,38.16,38.16,423200
2026-01-07 15:23:00+08:00,38.16,38.18,38.14,38.16,539000
2026-01-07 15:24:00+08:00,38.16,38.16,38.14,38.16,298800
2026-01-07 15:25:00+08:00,38.16,38.16,38.14,38.16,234800
2026-01-07 15:26:00+08:00,38.16,38.16,38.12,38.12,476200
2026-01-07 15:27:00+08:00,38.14,38.14,38.12,38.12,320400
2026-01-07 15:28:00+08:00,38.14,38.14,38.1,38.1,429000
2026-01-07 15:29:00+08:00,38.1,38.12,38.1,38.1,472800
2026-01-07 15:30:00+08:00,38.12,38.12,38.1,38.12,334400
2026-01-07 15:31:00+08:00,38.12,38.16,38.1,38.16,2088000
2026-01-07 15:32:00+08:00,38.16,38.16,38.14,38.16,619800
2026-01-07 15:33:00+08:00,38.16,38.16,38.14,38.16,234400
2026-01-07 15:34:00+08:00,38.16,38.18,38.14,38.16,986800
2026-01-07 15:35:00+08:00,38.18,38.2,38.16,38.18,688400
2026-01-07 15:36:00+08:00,38.2,38.2,38.18,38.2,218200
2026-01-07 15:37:00+08:00,38.2,38.2,38.16,38.18,1565600
2026-01-07 15:38:00+08:00,38.16,38.18,38.16,38.18,573400
2026-01-07 15:39:00+08:00,38.16,38.18,38.16,38.18,337600
2026-01-07 15:40:00+08:00,38.18,38.18,38.12,38.14,1447600
2026-01-07 15:41:00+08:00,38.12,38.14,38.12,38.14,390800
2026-01-07 15:42:00+08:00,38.14,38.14,38.12,38.14,407000
2026-01-07 15:43:00+08:00,38.14,38.14,38.1,38.1,971800
2026-01-07 15:44:00+08:00,38.1,38.12,38.08,38.1,860600
2026-01-07 15:45:00+08:00,38.1,38.1,38.08,38.08,1191200
2026-01-07 15:46:00+08:00,38.08,38.1,38.06,38.08,737800
2026-01-07 15:47:00+08:00,38.06,38.08,38.04,38.06,3422800
2026-01-07 15:48:00+08:00,38.08,38.08,38.06,38.08,308600
2026-01-07 15:49:00+08:00,38.06,38.08,38.04,38.06,901600
2026-01-07 15:50:00+08:00,38.06,38.08,38.06,38.06,988200
2026-01-07 15:51:00+08:00,38.08,38.08,38.04,38.04,1151200
2026-01-07 15:52:00+08:00,38.06,38.08,38.04,38.08,1112600
2026-01-07 15:53:00+08:00,38.08,38.1,38.06,38.1,800600
2026-01-07 15:54:00+08:00,38.1,38.1,38.08,38.1,342600
2026-01-07 15:55:00+08:00,38.1,38.1,38.08,38.08,432400
2026-01-07 15:56:00+08:00,38.1,38.12,38.08,38.12,633600
2026-01-07 15:57:00+08:00,38.1,38.14,38.1,38.14,465200
2026-01-07 15:58:00+08:00,38.14,38.14,38.12,38.12,321600
2026-01-07 15:59:00+08:00,38.14,38.14,38.12,38.14,612000
2026-01-07 16:00:00+08:00,38.14,38.16,38.12,38.16,10341400
