t_exec,t_pred,p_reversal,direction,signal_side,pos_side,action_close,action_open,price,cum_pnl
2026-01-07 09:31:00,2026-01-07 09:30:00,0.0032320066820830107,-1,0,0,flat,no_signal,38.56,0.0
2026-01-07 09:32:00,2026-01-07 09:31:00,0.9450503587722778,-1,1,1,flat,OPEN side=1 p=0.945,38.44,0.0
2026-01-07 09:33:00,2026-01-07 09:32:00,0.9507869482040405,-1,1,1,HOLD,already_in_position,38.52,0.0
2026-01-07 09:34:00,2026-01-07 09:33:00,0.9570873975753784,-1,1,1,HOLD,already_in_position,38.56,0.0
2026-01-07 09:35:00,2026-01-07 09:34:00,0.9705770611763,-1,1,1,HOLD,already_in_position,38.58,0.0
2026-01-07 09:36:00,2026-01-07 09:35:00,0.9722931385040283,-1,1,1,HOLD,already_in_position,38.74,0.0
2026-01-07 09:37:00,2026-01-07 09:36:00,0.5688042640686035,-1,0,1,HOLD,already_in_position,38.9,0.0
2026-01-07 09:38:00,2026-01-07 09:37:00,0.8585768938064575,1,-1,1,HOLD,already_in_position,38.96,0.0
2026-01-07 09:39:00,2026-01-07 09:38:00,0.8764940500259399,1,-1,1,HOLD,already_in_position,38.96,0.0
2026-01-07 09:40:00,2026-01-07 09:39:00,0.9004001617431641,1,-1,1,HOLD,already_in_position,39.02,0.0
2026-01-07 09:41:00,2026-01-07 09:40:00,0.9563102126121521,1,-1,1,HOLD,already_in_position,39.02,0.0
2026-01-07 09:42:00,2026-01-07 09:41:00,0.953962504863739,1,-1,-1,CLOSE pnl=0.01717,OPEN side=-1 p=0.954,39.1,0.0171696149843914
2026-01-07 09:43:00,2026-01-07 09:42:00,0.9468641877174377,1,-1,-1,HOLD,already_in_position,39.02,0.0171696149843914
2026-01-07 09:44:00,2026-01-07 09:43:00,0.9455532431602478,1,-1,-1,HOLD,already_in_position,39.14,0.0171696149843914
2026-01-07 09:45:00,2026-01-07 09:44:00,0.9455079436302185,1,-1,-1,HOLD,already_in_position,39.14,0.0171696149843914
2026-01-07 09:46:00,2026-01-07 09:45:00,0.9353064298629761,1,-1,-1,HOLD,already_in_position,39.12,0.0171696149843914
2026-01-07 09:47:00,2026-01-07 09:46:00,0.9361024498939514,1,-1,-1,HOLD,already_in_position,39.08,0.0171696149843914
2026-01-07 09:48:00,2026-01-07 09:47:00,0.8981271982192993,1,-1,-1,HOLD,already_in_position,39.16,0.0171696149843914
2026-01-07 09:49:00,2026-01-07 09:48:00,0.9474302530288696,1,-1,-1,HOLD,already_in_position,39.12,0.0171696149843914
2026-01-07 09:50:00,2026-01-07 09:49:00,0.9505999088287354,1,-1,-1,HOLD,already_in_position,39.04,0.0171696149843914
2026-01-07 09:51:00,2026-01-07 09:50:00,0.9427124261856079,1,-1,-1,HOLD,already_in_position,39.02,0.0171696149843914
2026-01-07 09:52:00,2026-01-07 09:51:00,0.6785591244697571,1,-1,-1,CLOSE pnl=0.00205,OPEN side=-1 p=0.679,39.02,0.01921565079001797
2026-01-07 09:53:00,2026-01-07 09:52:00,0.5194103717803955,1,0,-1,HOLD,already_in_position,38.9,0.01921565079001797
2026-01-07 09:54:00,2026-01-07 09:53:00,0.8697527647018433,-1,1,-1,HOLD,already_in_position,38.88,0.01921565079001797
2026-01-07 09:55:00,2026-01-07 09:54:00,0.9849048852920532,-1,1,-1,HOLD,already_in_position,38.88,0.01921565079001797
2026-01-07 09:56:00,2026-01-07 09:55:00,0.9763829708099365,-1,1,-1,HOLD,already_in_position,38.88,0.01921565079001797
2026-01-07 09:57:00,2026-01-07 09:56:00,0.9849048852920532,-1,1,-1,HOLD,already_in_position,38.92,0.01921565079001797
2026-01-07 09:58:00,2026-01-07 09:57:00,0.9654167890548706,-1,1,-1,HOLD,already_in_position,38.9,0.01921565079001797
2026-01-07 09:59:00,2026-01-07 09:58:00,0.9477941989898682,-1,1,-1,HOLD,already_in_position,38.98,0.01921565079001797
2026-01-07 10:00:00,2026-01-07 09:59:00,0.452501505613327,-1,0,-1,HOLD,already_in_position,38.98,0.01921565079001797
2026-01-07 10:01:00,2026-01-07 10:00:00,0.26474544405937195,-1,0,-1,HOLD,already_in_position,38.94,0.01921565079001797
2026-01-07 10:02:00,2026-01-07 10:01:00,0.9542730450630188,-1,1,1,CLOSE pnl=0.00359,OPEN side=1 p=0.954,38.88,0.022803554429177364
2026-01-07 10:03:00,2026-01-07 10:02:00,0.9549519419670105,-1,1,1,HOLD,already_in_position,38.96,0.022803554429177364
2026-01-07 10:04:00,2026-01-07 10:03:00,0.42503821849823,-1,0,1,HOLD,already_in_position,39.16,0.022803554429177364
2026-01-07 10:05:00,2026-01-07 10:04:00,0.7493048310279846,1,-1,1,HOLD,already_in_position,39.08,0.022803554429177364
2026-01-07 10:06:00,2026-01-07 10:05:00,0.8332837820053101,1,-1,1,HOLD,already_in_position,39.04,0.022803554429177364
2026-01-07 10:07:00,2026-01-07 10:06:00,0.49899744987487793,1,0,1,HOLD,already_in_position,39.08,0.022803554429177364
2026-01-07 10:08:00,2026-01-07 10:07:00,0.9446071982383728,1,-1,1,HOLD,already_in_position,39.08,0.022803554429177364
2026-01-07 10:09:00,2026-01-07 10:08:00,0.9438022971153259,1,-1,1,HOLD,already_in_position,39.02,0.022803554429177364
2026-01-07 10:10:00,2026-01-07 10:09:00,0.4777645468711853,1,0,1,HOLD,already_in_position,39.02,0.022803554429177364
2026-01-07 10:11:00,2026-01-07 10:10:00,0.16734735667705536,1,0,1,HOLD,already_in_position,39.0,0.022803554429177364
2026-01-07 10:12:00,2026-01-07 10:11:00,0.22724604606628418,1,0,0,CLOSE pnl=0.00257,no_signal,38.98,0.025375570890082466
2026-01-07 10:13:00,2026-01-07 10:12:00,0.2542169690132141,1,0,0,flat,no_signal,38.92,0.025375570890082466
2026-01-07 10:14:00,2026-01-07 10:13:00,0.5738195180892944,1,0,0,flat,no_signal,38.94,0.025375570890082466
2026-01-07 10:15:00,2026-01-07 10:14:00,0.43601927161216736,-1,0,0,flat,no_signal,38.94,0.025375570890082466
2026-01-07 10:16:00,2026-01-07 10:15:00,0.17899151146411896,-1,0,0,flat,no_signal,38.88,0.025375570890082466
2026-01-07 10:17:00,2026-01-07 10:16:00,0.9597893357276917,-1,1,1,flat,OPEN side=1 p=0.960,38.9,0.025375570890082466
2026-01-07 10:18:00,2026-01-07 10:17:00,0.6967112421989441,1,-1,1,HOLD,already_in_position,38.86,0.025375570890082466
2026-01-07 10:19:00,2026-01-07 10:18:00,0.9250884652137756,-1,1,1,HOLD,already_in_position,38.76,0.025375570890082466
2026-01-07 10:20:00,2026-01-07 10:19:00,0.9551750421524048,-1,1,1,HOLD,already_in_position,38.76,0.025375570890082466
2026-01-07 10:21:00,2026-01-07 10:20:00,0.9653528332710266,-1,1,1,HOLD,already_in_position,38.82,0.025375570890082466
2026-01-07 10:22:00,2026-01-07 10:21:00,0.9836025238037109,-1,1,1,HOLD,already_in_position,38.8,0.025375570890082466
2026-01-07 10:23:00,2026-01-07 10:22:00,0.9825274348258972,-1,1,1,HOLD,already_in_position,38.78,0.025375570890082466
2026-01-07 10:24:00,2026-01-07 10:23:00,0.9791801571846008,-1,1,1,HOLD,already_in_position,38.68,0.025375570890082466
2026-01-07 10:25:00,2026-01-07 10:24:00,0.9512442946434021,-1,1,1,HOLD,already_in_position,38.7,0.025375570890082466
2026-01-07 10:26:00,2026-01-07 10:25:00,0.9298387169837952,-1,1,1,HOLD,already_in_position,38.66,0.025375570890082466
2026-01-07 10:27:00,2026-01-07 10:26:00,0.9456839561462402,-1,1,1,CLOSE pnl=-0.00771,OPEN side=1 p=0.946,38.6,0.017663488627871704
2026-01-07 10:28:00,2026-01-07 10:27:00,0.942983865737915,-1,1,1,HOLD,already_in_position,38.56,0.017663488627871704
2026-01-07 10:29:00,2026-01-07 10:28:00,0.942983865737915,-1,1,1,HOLD,already_in_position,38.56,0.017663488627871704
2026-01-07 10:30:00,2026-01-07 10:29:00,0.9514238238334656,-1,1,1,HOLD,already_in_position,38.64,0.017663488627871704
2026-01-07 10:31:00,2026-01-07 10:30:00,0.9553242921829224,-1,1,1,HOLD,already_in_position,38.66,0.017663488627871704
2026-01-07 10:32:00,2026-01-07 10:31:00,0.6198927760124207,-1,1,1,HOLD,already_in_position,38.64,0.017663488627871704
2026-01-07 10:33:00,2026-01-07 10:32:00,0.7363269329071045,-1,1,1,HOLD,already_in_position,38.58,0.017663488627871704
2026-01-07 10:34:00,2026-01-07 10:33:00,0.9421378374099731,-1,1,1,HOLD,already_in_position,38.62,0.017663488627871704
2026-01-07 10:35:00,2026-01-07 10:34:00,0.5735958218574524,-1,0,1,HOLD,already_in_position,38.62,0.017663488627871704
2026-01-07 10:36:00,2026-01-07 10:35:00,0.07933567464351654,-1,0,1,HOLD,already_in_position,38.58,0.017663488627871704
2026-01-07 10:37:00,2026-01-07 10:36:00,0.5292889475822449,-1,0,0,CLOSE pnl=-0.00104,no_signal,38.56,0.016627219197819954
2026-01-07 10:38:00,2026-01-07 10:37:00,0.6260644197463989,-1,1,1,flat,OPEN side=1 p=0.626,38.56,0.016627219197819954
2026-01-07 10:39:00,2026-01-07 10:38:00,0.5022384524345398,-1,0,1,HOLD,already_in_position,38.52,0.016627219197819954
2026-01-07 10:40:00,2026-01-07 10:39:00,0.7287182211875916,-1,1,1,HOLD,already_in_position,38.44,0.016627219197819954
2026-01-07 10:41:00,2026-01-07 10:40:00,0.9337226152420044,-1,1,1,HOLD,already_in_position,38.56,0.016627219197819954
2026-01-07 10:42:00,2026-01-07 10:41:00,0.04684123024344444,-1,0,1,HOLD,already_in_position,38.54,0.016627219197819954
2026-01-07 10:43:00,2026-01-07 10:42:00,0.04884294793009758,-1,0,1,HOLD,already_in_position,38.5,0.016627219197819954
2026-01-07 10:44:00,2026-01-07 10:43:00,0.38655245304107666,-1,0,1,HOLD,already_in_position,38.52,0.016627219197819954
2026-01-07 10:45:00,2026-01-07 10:44:00,0.041987914592027664,-1,0,1,HOLD,already_in_position,38.56,0.016627219197819954
2026-01-07 10:46:00,2026-01-07 10:45:00,0.1623653918504715,-1,0,1,HOLD,already_in_position,38.58,0.016627219197819954
2026-01-07 10:47:00,2026-01-07 10:46:00,0.1688486635684967,-1,0,1,HOLD,already_in_position,38.58,0.016627219197819954
2026-01-07 10:48:00,2026-01-07 10:47:00,0.12681518495082855,-1,0,0,CLOSE pnl=0.00104,no_signal,38.6,0.0176645635961602
2026-01-07 10:49:00,2026-01-07 10:48:00,0.18632589280605316,1,0,0,flat,no_signal,38.58,0.0176645635961602
2026-01-07 10:50:00,2026-01-07 10:49:00,0.17802421748638153,-1,0,0,flat,no_signal,38.52,0.0176645635961602
2026-01-07 10:51:00,2026-01-07 10:50:00,0.22787566483020782,-1,0,0,flat,no_signal,38.54,0.0176645635961602
2026-01-07 10:52:00,2026-01-07 10:51:00,0.1051374152302742,-1,0,0,flat,no_signal,38.54,0.0176645635961602
2026-01-07 10:53:00,2026-01-07 10:52:00,0.09868726134300232,-1,0,0,flat,no_signal,38.52,0.0176645635961602
2026-01-07 10:54:00,2026-01-07 10:53:00,0.044477593153715134,-1,0,0,flat,no_signal,38.46,0.0176645635961602
2026-01-07 10:55:00,2026-01-07 10:54:00,0.3096892237663269,-1,0,0,flat,no_signal,38.46,0.0176645635961602
2026-01-07 10:56:00,2026-01-07 10:55:00,0.06455403566360474,1,0,0,flat,no_signal,38.46,0.0176645635961602
2026-01-07 10:57:00,2026-01-07 10:56:00,0.04290347546339035,-1,0,0,flat,no_signal,38.46,0.0176645635961602
2026-01-07 10:58:00,2026-01-07 10:57:00,0.018652955070137978,-1,0,0,flat,no_signal,38.46,0.0176645635961602
2026-01-07 10:59:00,2026-01-07 10:58:00,0.016109758988022804,-1,0,0,flat,no_signal,38.46,0.0176645635961602
2026-01-07 11:00:00,2026-01-07 10:59:00,0.016535619273781776,-1,0,0,flat,no_signal,38.46,0.0176645635961602
2026-01-07 11:01:00,2026-01-07 11:00:00,0.021635813638567924,-1,0,0,flat,no_signal,38.5,0.0176645635961602
2026-01-07 11:02:00,2026-01-07 11:01:00,0.009869682602584362,-1,0,0,flat,no_signal,38.5,0.0176645635961602
2026-01-07 11:03:00,2026-01-07 11:02:00,0.007727958261966705,-1,0,0,flat,no_signal,38.5,0.0176645635961602
2026-01-07 11:04:00,2026-01-07 11:03:00,0.005482497625052929,-1,0,0,flat,no_signal,38.48,0.0176645635961602
2026-01-07 11:05:00,2026-01-07 11:04:00,0.004200366325676441,-1,0,0,flat,no_signal,38.5,0.0176645635961602
2026-01-07 11:06:00,2026-01-07 11:05:00,0.00469142897054553,-1,0,0,flat,no_signal,38.48,0.0176645635961602
2026-01-07 11:07:00,2026-01-07 11:06:00,0.004764827433973551,-1,0,0,flat,no_signal,38.46,0.0176645635961602
2026-01-07 11:08:00,2026-01-07 11:07:00,0.001919586444273591,-1,0,0,flat,no_signal,38.46,0.0176645635961602
2026-01-07 11:09:00,2026-01-07 11:08:00,0.0015372107736766338,-1,0,0,flat,no_signal,38.46,0.0176645635961602
2026-01-07 11:10:00,2026-01-07 11:09:00,0.0012518311850726604,0,0,0,flat,no_signal,38.44,0.0176645635961602
2026-01-07 11:11:00,2026-01-07 11:10:00,0.0020285106729716063,-1,0,0,flat,no_signal,38.42,0.0176645635961602
2026-01-07 11:12:00,2026-01-07 11:11:00,0.002432927954941988,-1,0,0,flat,no_signal,38.42,0.0176645635961602
2026-01-07 11:13:00,2026-01-07 11:12:00,0.002165071899071336,-1,0,0,flat,no_signal,38.42,0.0176645635961602
2026-01-07 11:14:00,2026-01-07 11:13:00,0.0016540185315534472,-1,0,0,flat,no_signal,38.44,0.0176645635961602
2026-01-07 11:15:00,2026-01-07 11:14:00,0.0010774718830361962,-1,0,0,flat,no_signal,38.42,0.0176645635961602
2026-01-07 11:16:00,2026-01-07 11:15:00,0.001370925223454833,-1,0,0,flat,no_signal,38.44,0.0176645635961602
2026-01-07 11:17:00,2026-01-07 11:16:00,0.0008037200896069407,-1,0,0,flat,no_signal,38.44,0.0176645635961602
2026-01-07 11:18:00,2026-01-07 11:17:00,0.001279899850487709,-1,0,0,flat,no_signal,38.46,0.0176645635961602
2026-01-07 11:19:00,2026-01-07 11:18:00,0.0015472488012164831,-1,0,0,flat,no_signal,38.46,0.0176645635961602
2026-01-07 11:20:00,2026-01-07 11:19:00,0.0026789058465510607,-1,0,0,flat,no_signal,38.4,0.0176645635961602
2026-01-07 11:21:00,2026-01-07 11:20:00,0.0033799244556576014,-1,0,0,flat,no_signal,38.38,0.0176645635961602
2026-01-07 11:22:00,2026-01-07 11:21:00,0.00480835372582078,-1,0,0,flat,no_signal,38.38,0.0176645635961602
2026-01-07 11:23:00,2026-01-07 11:22:00,0.002211591461673379,-1,0,0,flat,no_signal,38.42,0.0176645635961602
2026-01-07 11:24:00,2026-01-07 11:23:00,0.002282655332237482,-1,0,0,flat,no_signal,38.42,0.0176645635961602
2026-01-07 11:25:00,2026-01-07 11:24:00,0.0017356143798679113,-1,0,0,flat,no_signal,38.4,0.0176645635961602
2026-01-07 11:26:00,2026-01-07 11:25:00,0.0010217285016551614,-1,0,0,flat,no_signal,38.42,0.0176645635961602
2026-01-07 11:27:00,2026-01-07 11:26:00,0.0009969063103199005,0,0,0,flat,no_signal,38.42,0.0176645635961602
2026-01-07 11:28:00,2026-01-07 11:27:00,0.0009969063103199005,0,0,0,flat,no_signal,38.4,0.0176645635961602
2026-01-07 11:29:00,2026-01-07 11:28:00,0.0006304119597189128,-1,0,0,flat,no_signal,38.42,0.0176645635961602
2026-01-07 11:30:00,2026-01-07 11:29:00,0.0013081682845950127,-1,0,0,flat,no_signal,38.4,0.0176645635961602
2026-01-07 11:31:00,2026-01-07 11:30:00,0.0010367236100137234,-1,0,0,flat,no_signal,38.38,0.0176645635961602
2026-01-07 11:32:00,2026-01-07 11:31:00,0.0013948759296908975,-1,0,0,flat,no_signal,38.36,0.0176645635961602
2026-01-07 11:33:00,2026-01-07 11:32:00,0.0016212704358622432,-1,0,0,flat,no_signal,38.38,0.0176645635961602
2026-01-07 11:34:00,2026-01-07 11:33:00,0.0008315626764670014,-1,0,0,flat,no_signal,38.36,0.0176645635961602
2026-01-07 11:35:00,2026-01-07 11:34:00,0.001773123163729906,-1,0,0,flat,no_signal,38.32,0.0176645635961602
2026-01-07 11:36:00,2026-01-07 11:35:00,0.11149930208921432,-1,0,0,flat,no_signal,38.32,0.0176645635961602
2026-01-07 11:37:00,2026-01-07 11:36:00,0.07892155647277832,-1,0,0,flat,no_signal,38.34,0.0176645635961602
2026-01-07 11:38:00,2026-01-07 11:37:00,0.009235668927431107,-1,0,0,flat,no_signal,38.34,0.0176645635961602
2026-01-07 11:39:00,2026-01-07 11:38:00,0.0059480853378772736,-1,0,0,flat,no_signal,38.32,0.0176645635961602
2026-01-07 11:40:00,2026-01-07 11:39:00,0.022754060104489326,-1,0,0,flat,no_signal,38.34,0.0176645635961602
2026-01-07 11:41:00,2026-01-07 11:40:00,0.0010228081373497844,-1,0,0,flat,no_signal,38.34,0.0176645635961602
2026-01-07 11:42:00,2026-01-07 11:41:00,0.0009407067555002868,-1,0,0,flat,no_signal,38.34,0.0176645635961602
2026-01-07 11:43:00,2026-01-07 11:42:00,0.0007909226696938276,-1,0,0,flat,no_signal,38.3,0.0176645635961602
2026-01-07 11:44:00,2026-01-07 11:43:00,0.0035944324918091297,-1,0,0,flat,no_signal,38.28,0.0176645635961602
2026-01-07 11:45:00,2026-01-07 11:44:00,0.02701595611870289,-1,0,0,flat,no_signal,38.28,0.0176645635961602
2026-01-07 11:46:00,2026-01-07 11:45:00,0.031907469034194946,-1,0,0,flat,no_signal,38.3,0.0176645635961602
2026-01-07 11:47:00,2026-01-07 11:46:00,0.0017913278425112367,-1,0,0,flat,no_signal,38.3,0.0176645635961602
2026-01-07 11:48:00,2026-01-07 11:47:00,0.0019750690553337336,-1,0,0,flat,no_signal,38.32,0.0176645635961602
2026-01-07 11:49:00,2026-01-07 11:48:00,0.0016991241136565804,-1,0,0,flat,no_signal,38.32,0.0176645635961602
2026-01-07 11:50:00,2026-01-07 11:49:00,0.0010841013863682747,-1,0,0,flat,no_signal,38.3,0.0176645635961602
2026-01-07 11:51:00,2026-01-07 11:50:00,0.001005610334686935,-1,0,0,flat,no_signal,38.32,0.0176645635961602
2026-01-07 11:52:00,2026-01-07 11:51:00,0.0014277588343247771,0,0,0,flat,no_signal,38.3,0.0176645635961602
2026-01-07 11:53:00,2026-01-07 11:52:00,0.0015484581235796213,-1,0,0,flat,no_signal,38.3,0.0176645635961602
2026-01-07 11:54:00,2026-01-07 11:53:00,0.0009579851175658405,-1,0,0,flat,no_signal,38.28,0.0176645635961602
2026-01-07 11:55:00,2026-01-07 11:54:00,0.0011296882294118404,-1,0,0,flat,no_signal,38.28,0.0176645635961602
2026-01-07 11:56:00,2026-01-07 11:55:00,0.0008613457321189344,-1,0,0,flat,no_signal,38.26,0.0176645635961602
2026-01-07 11:57:00,2026-01-07 11:56:00,0.0012424072483554482,-1,0,0,flat,no_signal,38.26,0.0176645635961602
2026-01-07 11:58:00,2026-01-07 11:57:00,0.0010268946643918753,-1,0,0,flat,no_signal,38.26,0.0176645635961602
2026-01-07 11:59:00,2026-01-07 11:58:00,0.0008526641759090126,-1,0,0,flat,no_signal,38.26,0.0176645635961602
2026-01-07 12:00:00,2026-01-07 11:59:00,0.0007953535532578826,-1,0,0,flat,no_signal,38.24,0.0176645635961602
2026-01-07 13:02:00,2026-01-07 13:01:00,0.3701590597629547,-1,0,0,flat,no_signal,38.18,0.0176645635961602
2026-01-07 13:03:00,2026-01-07 13:02:00,0.18116670846939087,-1,0,0,flat,no_signal,38.14,0.0176645635961602
2026-01-07 13:04:00,2026-01-07 13:03:00,0.37935566902160645,-1,0,0,flat,no_signal,38.1,0.0176645635961602
2026-01-07 13:05:00,2026-01-07 13:04:00,0.37935566902160645,-1,0,0,flat,no_signal,38.18,0.0176645635961602
2026-01-07 13:06:00,2026-01-07 13:05:00,0.06710907816886902,-1,0,0,flat,no_signal,38.18,0.0176645635961602
2026-01-07 13:07:00,2026-01-07 13:06:00,0.04242819547653198,-1,0,0,flat,no_signal,38.14,0.0176645635961602
2026-01-07 13:08:00,2026-01-07 13:07:00,0.12505944073200226,-1,0,0,flat,no_signal,38.2,0.0176645635961602
2026-01-07 13:09:00,2026-01-07 13:08:00,0.023996200412511826,-1,0,0,flat,no_signal,38.2,0.0176645635961602
2026-01-07 13:10:00,2026-01-07 13:09:00,0.009189121425151825,-1,0,0,flat,no_signal,38.18,0.0176645635961602
2026-01-07 13:11:00,2026-01-07 13:10:00,0.01502885203808546,-1,0,0,flat,no_signal,38.14,0.0176645635961602
2026-01-07 13:12:00,2026-01-07 13:11:00,0.020899757742881775,-1,0,0,flat,no_signal,38.14,0.0176645635961602
2026-01-07 13:13:00,2026-01-07 13:12:00,0.014791744761168957,-1,0,0,flat,no_signal,38.18,0.0176645635961602
2026-01-07 13:14:00,2026-01-07 13:13:00,0.013826915994286537,-1,0,0,flat,no_signal,38.16,0.0176645635961602
2026-01-07 13:15:00,2026-01-07 13:14:00,0.01683415286242962,-1,0,0,flat,no_signal,38.2,0.0176645635961602
2026-01-07 13:16:00,2026-01-07 13:15:00,0.03511836379766464,-1,0,0,flat,no_signal,38.22,0.0176645635961602
2026-01-07 13:17:00,2026-01-07 13:16:00,0.14921705424785614,1,0,0,flat,no_signal,38.24,0.0176645635961602
2026-01-07 13:18:00,2026-01-07 13:17:00,0.20940804481506348,1,0,0,flat,no_signal,38.22,0.0176645635961602
2026-01-07 13:19:00,2026-01-07 13:18:00,0.0690903514623642,1,0,0,flat,no_signal,38.2,0.0176645635961602
2026-01-07 13:20:00,2026-01-07 13:19:00,0.11078336089849472,1,0,0,flat,no_signal,38.18,0.0176645635961602
2026-01-07 13:21:00,2026-01-07 13:20:00,0.04252031818032265,0,0,0,flat,no_signal,38.24,0.0176645635961602
2026-01-07 13:22:00,2026-01-07 13:21:00,0.30367493629455566,1,0,0,flat,no_signal,38.22,0.0176645635961602
2026-01-07 13:23:00,2026-01-07 13:22:00,0.10819624364376068,1,0,0,flat,no_signal,38.2,0.0176645635961602
2026-01-07 13:24:00,2026-01-07 13:23:00,0.06860814988613129,0,0,0,flat,no_signal,38.22,0.0176645635961602
2026-01-07 13:25:00,2026-01-07 13:24:00,0.0556243471801281,1,0,0,flat,no_signal,38.16,0.0176645635961602
2026-01-07 13:26:00,2026-01-07 13:25:00,0.018987715244293213,-1,0,0,flat,no_signal,38.16,0.0176645635961602
2026-01-07 13:27:00,2026-01-07 13:26:00,0.005078564863651991,1,0,0,flat,no_signal,38.18,0.0176645635961602
2026-01-07 13:28:00,2026-01-07 13:27:00,0.003734155325219035,1,0,0,flat,no_signal,38.12,0.0176645635961602
2026-01-07 13:29:00,2026-01-07 13:28:00,0.123875193297863,-1,0,0,flat,no_signal,38.16,0.0176645635961602
2026-01-07 13:30:00,2026-01-07 13:29:00,0.010279365815222263,0,0,0,flat,no_signal,38.16,0.0176645635961602
2026-01-07 13:31:00,2026-01-07 13:30:00,0.011645834892988205,-1,0,0,flat,no_signal,38.16,0.0176645635961602
2026-01-07 13:32:00,2026-01-07 13:31:00,0.0058920602314174175,-1,0,0,flat,no_signal,38.16,0.0176645635961602
2026-01-07 13:33:00,2026-01-07 13:32:00,0.0018201206112280488,-1,0,0,flat,no_signal,38.14,0.0176645635961602
2026-01-07 13:34:00,2026-01-07 13:33:00,0.004122039768844843,-1,0,0,flat,no_signal,38.14,0.0176645635961602
2026-01-07 13:35:00,2026-01-07 13:34:00,0.0018321039387956262,-1,0,0,flat,no_signal,38.16,0.0176645635961602
2026-01-07 13:36:00,2026-01-07 13:35:00,0.0018944651819765568,-1,0,0,flat,no_signal,38.2,0.0176645635961602
2026-01-07 13:37:00,2026-01-07 13:36:00,0.004442829173058271,-1,0,0,flat,no_signal,38.2,0.0176645635961602
2026-01-07 13:38:00,2026-01-07 13:37:00,0.004713474772870541,-1,0,0,flat,no_signal,38.22,0.0176645635961602
2026-01-07 13:39:00,2026-01-07 13:38:00,0.011702822521328926,1,0,0,flat,no_signal,38.2,0.0176645635961602
2026-01-07 13:40:00,2026-01-07 13:39:00,0.010311662219464779,-1,0,0,flat,no_signal,38.16,0.0176645635961602
2026-01-07 13:41:00,2026-01-07 13:40:00,0.007993532344698906,0,0,0,flat,no_signal,38.16,0.0176645635961602
2026-01-07 13:42:00,2026-01-07 13:41:00,0.0012600176269188523,0,0,0,flat,no_signal,38.16,0.0176645635961602
2026-01-07 13:43:00,2026-01-07 13:42:00,0.001366860349662602,-1,0,0,flat,no_signal,38.16,0.0176645635961602
2026-01-07 13:44:00,2026-01-07 13:43:00,0.0012335646897554398,1,0,0,flat,no_signal,38.16,0.0176645635961602
2026-01-07 13:45:00,2026-01-07 13:44:00,0.0007917597540654242,0,0,0,flat,no_signal,38.16,0.0176645635961602
2026-01-07 13:46:00,2026-01-07 13:45:00,0.0005806877743452787,0,0,0,flat,no_signal,38.16,0.0176645635961602
2026-01-07 13:47:00,2026-01-07 13:46:00,0.0006686077103950083,0,0,0,flat,no_signal,38.16,0.0176645635961602
2026-01-07 13:48:00,2026-01-07 13:47:00,0.0004791843821294606,0,0,0,flat,no_signal,38.16,0.0176645635961602
2026-01-07 13:49:00,2026-01-07 13:48:00,0.0005710110999643803,1,0,0,flat,no_signal,38.16,0.0176645635961602
2026-01-07 13:50:00,2026-01-07 13:49:00,0.0006966544315218925,1,0,0,flat,no_signal,38.14,0.0176645635961602
2026-01-07 13:51:00,2026-01-07 13:50:00,0.0004856052983086556,-1,0,0,flat,no_signal,38.16,0.0176645635961602
2026-01-07 13:52:00,2026-01-07 13:51:00,0.0006622242508456111,-1,0,0,flat,no_signal,38.14,0.0176645635961602
2026-01-07 13:53:00,2026-01-07 13:52:00,0.0005762510700151324,-1,0,0,flat,no_signal,38.14,0.0176645635961602
2026-01-07 13:54:00,2026-01-07 13:53:00,0.0004620170220732689,-1,0,0,flat,no_signal,38.16,0.0176645635961602
2026-01-07 13:55:00,2026-01-07 13:54:00,0.0004813924606423825,-1,0,0,flat,no_signal,38.2,0.0176645635961602
2026-01-07 13:56:00,2026-01-07 13:55:00,0.0023026536218822002,1,0,0,flat,no_signal,38.18,0.0176645635961602
2026-01-07 13:57:00,2026-01-07 13:56:00,0.0015104415360838175,1,0,0,flat,no_signal,38.18,0.0176645635961602
2026-01-07 13:58:00,2026-01-07 13:57:00,0.0009491610107943416,1,0,0,flat,no_signal,38.18,0.0176645635961602
2026-01-07 13:59:00,2026-01-07 13:58:00,0.0006759874522686005,1,0,0,flat,no_signal,38.16,0.0176645635961602
2026-01-07 14:00:00,2026-01-07 13:59:00,0.0005613243556581438,0,0,0,flat,no_signal,38.16,0.0176645635961602
2026-01-07 14:01:00,2026-01-07 14:00:00,0.0008575348765589297,0,0,0,flat,no_signal,38.14,0.0176645635961602
2026-01-07 14:02:00,2026-01-07 14:01:00,0.0006762964767403901,-1,0,0,flat,no_signal,38.14,0.0176645635961602
2026-01-07 14:03:00,2026-01-07 14:02:00,0.0004330521041993052,-1,0,0,flat,no_signal,38.14,0.0176645635961602
2026-01-07 14:04:00,2026-01-07 14:03:00,0.0007195408688858151,-1,0,0,flat,no_signal,38.16,0.0176645635961602
2026-01-07 14:05:00,2026-01-07 14:04:00,0.000617810117546469,0,0,0,flat,no_signal,38.16,0.0176645635961602
2026-01-07 14:06:00,2026-01-07 14:05:00,0.000617810117546469,1,0,0,flat,no_signal,38.16,0.0176645635961602
2026-01-07 14:07:00,2026-01-07 14:06:00,0.0006146350642666221,0,0,0,flat,no_signal,38.16,0.0176645635961602
2026-01-07 14:08:00,2026-01-07 14:07:00,0.0006962624611333013,1,0,0,flat,no_signal,38.16,0.0176645635961602
2026-01-07 14:09:00,2026-01-07 14:08:00,0.000543070666026324,1,0,0,flat,no_signal,38.16,0.0176645635961602
2026-01-07 14:10:00,2026-01-07 14:09:00,0.000543070666026324,0,0,0,flat,no_signal,38.16,0.0176645635961602
2026-01-07 14:11:00,2026-01-07 14:10:00,0.0005572144873440266,-1,0,0,flat,no_signal,38.16,0.0176645635961602
2026-01-07 14:12:00,2026-01-07 14:11:00,0.000750509207136929,-1,0,0,flat,no_signal,38.18,0.0176645635961602
2026-01-07 14:13:00,2026-01-07 14:12:00,0.0009539428865537047,0,0,0,flat,no_signal,38.2,0.0176645635961602
2026-01-07 14:14:00,2026-01-07 14:13:00,0.002295278711244464,1,0,0,flat,no_signal,38.2,0.0176645635961602
2026-01-07 14:15:00,2026-01-07 14:14:00,0.0030637807212769985,1,0,0,flat,no_signal,38.18,0.0176645635961602
2026-01-07 14:16:00,2026-01-07 14:15:00,0.0016185697168111801,1,0,0,flat,no_signal,38.16,0.0176645635961602
2026-01-07 14:17:00,2026-01-07 14:16:00,0.0007300993311218917,1,0,0,flat,no_signal,38.14,0.0176645635961602
2026-01-07 14:18:00,2026-01-07 14:17:00,0.000607502122875303,0,0,0,flat,no_signal,38.16,0.0176645635961602
2026-01-07 14:19:00,2026-01-07 14:18:00,0.0006362021085806191,1,0,0,flat,no_signal,38.16,0.0176645635961602
2026-01-07 14:20:00,2026-01-07 14:19:00,0.0006212998414412141,0,0,0,flat,no_signal,38.14,0.0176645635961602
2026-01-07 14:21:00,2026-01-07 14:20:00,0.00044523156248033047,-1,0,0,flat,no_signal,38.14,0.0176645635961602
2026-01-07 14:22:00,2026-01-07 14:21:00,0.0013499581255018711,-1,0,0,flat,no_signal,38.12,0.0176645635961602
2026-01-07 14:23:00,2026-01-07 14:22:00,0.003939042333513498,-1,0,0,flat,no_signal,38.08,0.0176645635961602
2026-01-07 14:24:00,2026-01-07 14:23:00,0.013508209958672523,-1,0,0,flat,no_signal,38.08,0.0176645635961602
2026-01-07 14:25:00,2026-01-07 14:24:00,0.005000130273401737,-1,0,0,flat,no_signal,38.12,0.0176645635961602
2026-01-07 14:26:00,2026-01-07 14:25:00,0.005633755587041378,-1,0,0,flat,no_signal,38.1,0.0176645635961602
2026-01-07 14:27:00,2026-01-07 14:26:00,0.002361501334235072,-1,0,0,flat,no_signal,38.12,0.0176645635961602
2026-01-07 14:28:00,2026-01-07 14:27:00,0.002787174889817834,-1,0,0,flat,no_signal,38.12,0.0176645635961602
2026-01-07 14:29:00,2026-01-07 14:28:00,0.002967998618260026,-1,0,0,flat,no_signal,38.12,0.0176645635961602
2026-01-07 14:30:00,2026-01-07 14:29:00,0.0006768693565391004,-1,0,0,flat,no_signal,38.1,0.0176645635961602
2026-01-07 14:31:00,2026-01-07 14:30:00,0.0007944225799292326,-1,0,0,flat,no_signal,38.08,0.0176645635961602
2026-01-07 14:32:00,2026-01-07 14:31:00,0.0028493159916251898,-1,0,0,flat,no_signal,38.06,0.0176645635961602
2026-01-07 14:33:00,2026-01-07 14:32:00,0.007053718436509371,-1,0,0,flat,no_signal,38.08,0.0176645635961602
2026-01-07 14:34:00,2026-01-07 14:33:00,0.002620270475745201,-1,0,0,flat,no_signal,38.08,0.0176645635961602
2026-01-07 14:35:00,2026-01-07 14:34:00,0.0024679135531187057,-1,0,0,flat,no_signal,38.06,0.0176645635961602
2026-01-07 14:36:00,2026-01-07 14:35:00,0.004160167183727026,-1,0,0,flat,no_signal,38.06,0.0176645635961602
2026-01-07 14:37:00,2026-01-07 14:36:00,0.005048078950494528,-1,0,0,flat,no_signal,38.04,0.0176645635961602
2026-01-07 14:38:00,2026-01-07 14:37:00,0.008691966533660889,-1,0,0,flat,no_signal,38.06,0.0176645635961602
2026-01-07 14:39:00,2026-01-07 14:38:00,0.004382164217531681,-1,0,0,flat,no_signal,38.08,0.0176645635961602
2026-01-07 14:40:00,2026-01-07 14:39:00,0.0009084516786970198,0,0,0,flat,no_signal,38.1,0.0176645635961602
2026-01-07 14:41:00,2026-01-07 14:40:00,0.0011184365721419454,-1,0,0,flat,no_signal,38.1,0.0176645635961602
2026-01-07 14:42:00,2026-01-07 14:41:00,0.0011722835479304194,0,0,0,flat,no_signal,38.08,0.0176645635961602
2026-01-07 14:43:00,2026-01-07 14:42:00,0.0012255213223397732,-1,0,0,flat,no_signal,38.1,0.0176645635961602
2026-01-07 14:44:00,2026-01-07 14:43:00,0.0014504512073472142,-1,0,0,flat,no_signal,38.1,0.0176645635961602
2026-01-07 14:45:00,2026-01-07 14:44:00,0.0016323660966008902,-1,0,0,flat,no_signal,38.1,0.0176645635961602
2026-01-07 14:46:00,2026-01-07 14:45:00,0.0015052080852910876,0,0,0,flat,no_signal,38.1,0.0176645635961602
2026-01-07 14:47:00,2026-01-07 14:46:00,0.0014290973776951432,1,0,0,flat,no_signal,38.1,0.0176645635961602
2026-01-07 14:48:00,2026-01-07 14:47:00,0.002445005113258958,1,0,0,flat,no_signal,38.1,0.0176645635961602
2026-01-07 14:49:00,2026-01-07 14:48:00,0.0010931262513622642,1,0,0,flat,no_signal,38.08,0.0176645635961602
2026-01-07 14:50:00,2026-01-07 14:49:00,0.000919913814868778,0,0,0,flat,no_signal,38.1,0.0176645635961602
2026-01-07 14:51:00,2026-01-07 14:50:00,0.0009070279775187373,1,0,0,flat,no_signal,38.1,0.0176645635961602
2026-01-07 14:52:00,2026-01-07 14:51:00,0.0013092408189550042,1,0,0,flat,no_signal,38.1,0.0176645635961602
2026-01-07 14:53:00,2026-01-07 14:52:00,0.0009592509013600647,1,0,0,flat,no_signal,38.08,0.0176645635961602
2026-01-07 14:54:00,2026-01-07 14:53:00,0.0008164206519722939,1,0,0,flat,no_signal,38.08,0.0176645635961602
2026-01-07 14:55:00,2026-01-07 14:54:00,0.0005581598379649222,0,0,0,flat,no_signal,38.06,0.0176645635961602
2026-01-07 14:56:00,2026-01-07 14:55:00,0.0003886004851665348,-1,0,0,flat,no_signal,38.1,0.0176645635961602
2026-01-07 14:57:00,2026-01-07 14:56:00,0.0008751924615353346,0,0,0,flat,no_signal,38.12,0.0176645635961602
2026-01-07 14:58:00,2026-01-07 14:57:00,0.0012288743164390326,1,0,0,flat,no_signal,38.12,0.0176645635961602
2026-01-07 14:59:00,2026-01-07 14:58:00,0.001342788222245872,1,0,0,flat,no_signal,38.12,0.0176645635961602
2026-01-07 15:00:00,2026-01-07 14:59:00,0.0014786580577492714,1,0,0,flat,no_signal,38.12,0.0176645635961602
2026-01-07 15:01:00,2026-01-07 15:00:00,0.0016934146406129003,1,0,0,flat,no_signal,38.12,0.0176645635961602
2026-01-07 15:02:00,2026-01-07 15:01:00,0.002464426215738058,1,0,0,flat,no_signal,38.12,0.0176645635961602
2026-01-07 15:03:00,2026-01-07 15:02:00,0.0015721074305474758,1,0,0,flat,no_signal,38.12,0.0176645635961602
2026-01-07 15:04:00,2026-01-07 15:03:00,0.0013877921737730503,1,0,0,flat,no_signal,38.08,0.0176645635961602
2026-01-07 15:05:00,2026-01-07 15:04:00,0.0012393201468512416,0,0,0,flat,no_signal,38.14,0.0176645635961602
2026-01-07 15:06:00,2026-01-07 15:05:00,0.0034745384473353624,1,0,0,flat,no_signal,38.14,0.0176645635961602
2026-01-07 15:07:00,2026-01-07 15:06:00,0.0021250490099191666,1,0,0,flat,no_signal,38.14,0.0176645635961602
2026-01-07 15:08:00,2026-01-07 15:07:00,0.002213603351265192,1,0,0,flat,no_signal,38.12,0.0176645635961602
2026-01-07 15:09:00,2026-01-07 15:08:00,0.001636757981032133,1,0,0,flat,no_signal,38.12,0.0176645635961602
2026-01-07 15:10:00,2026-01-07 15:09:00,0.002555183134973049,1,0,0,flat,no_signal,38.14,0.0176645635961602
2026-01-07 15:11:00,2026-01-07 15:10:00,0.0014893307816237211,1,0,0,flat,no_signal,38.12,0.0176645635961602
2026-01-07 15:12:00,2026-01-07 15:11:00,0.0008868500008247793,1,0,0,flat,no_signal,38.16,0.0176645635961602
2026-01-07 15:13:00,2026-01-07 15:12:00,0.004205765202641487,1,0,0,flat,no_signal,38.2,0.0176645635961602
2026-01-07 15:14:00,2026-01-07 15:13:00,0.020807472988963127,1,0,0,flat,no_signal,38.16,0.0176645635961602
2026-01-07 15:15:00,2026-01-07 15:14:00,0.006807009223848581,1,0,0,flat,no_signal,38.14,0.0176645635961602
2026-01-07 15:16:00,2026-01-07 15:15:00,0.002422652207314968,1,0,0,flat,no_signal,38.12,0.0176645635961602
2026-01-07 15:17:00,2026-01-07 15:16:00,0.0020203248132020235,0,0,0,flat,no_signal,38.14,0.0176645635961602
2026-01-07 15:18:00,2026-01-07 15:17:00,0.0017570030177012086,1,0,0,flat,no_signal,38.14,0.0176645635961602
2026-01-07 15:19:00,2026-01-07 15:18:00,0.0014578660484403372,1,0,0,flat,no_signal,38.18,0.0176645635961602
2026-01-07 15:20:00,2026-01-07 15:19:00,0.013546950183808804,1,0,0,flat,no_signal,38.16,0.0176645635961602
2026-01-07 15:21:00,2026-01-07 15:20:00,0.003433440811932087,1,0,0,flat,no_signal,38.2,0.0176645635961602
2026-01-07 15:22:00,2026-01-07 15:21:00,0.010973271913826466,1,0,0,flat,no_signal,38.16,0.0176645635961602
2026-01-07 15:23:00,2026-01-07 15:22:00,0.004580416716635227,1,0,0,flat,no_signal,38.16,0.0176645635961602
2026-01-07 15:24:00,2026-01-07 15:23:00,0.004566022660583258,1,0,0,flat,no_signal,38.16,0.0176645635961602
2026-01-07 15:25:00,2026-01-07 15:24:00,0.003100041765719652,1,0,0,flat,no_signal,38.16,0.0176645635961602
2026-01-07 15:26:00,2026-01-07 15:25:00,0.0015177953755483031,1,0,0,flat,no_signal,38.12,0.0176645635961602
2026-01-07 15:27:00,2026-01-07 15:26:00,0.012117264792323112,0,0,0,flat,no_signal,38.12,0.0176645635961602
2026-01-07 15:28:00,2026-01-07 15:27:00,0.008342177607119083,-1,0,0,flat,no_signal,38.1,0.0176645635961602
2026-01-07 15:29:00,2026-01-07 15:28:00,0.015875862911343575,-1,0,0,flat,no_signal,38.1,0.0176645635961602
2026-01-07 15:30:00,2026-01-07 15:29:00,0.010502438060939312,-1,0,0,flat,no_signal,38.12,0.0176645635961602
2026-01-07 15:31:00,2026-01-07 15:30:00,0.006012189667671919,-1,0,0,flat,no_signal,38.16,0.0176645635961602
2026-01-07 15:32:00,2026-01-07 15:31:00,0.01525477971881628,1,0,0,flat,no_signal,38.16,0.0176645635961602
2026-01-07 15:33:00,2026-01-07 15:32:00,0.0006751517648808658,1,0,0,flat,no_signal,38.16,0.0176645635961602
2026-01-07 15:34:00,2026-01-07 15:33:00,0.0010265875607728958,1,0,0,flat,no_signal,38.16,0.0176645635961602
2026-01-07 15:35:00,2026-01-07 15:34:00,0.0014931869227439165,-1,0,0,flat,no_signal,38.18,0.0176645635961602
2026-01-07 15:36:00,2026-01-07 15:35:00,0.0021609128452837467,1,0,0,flat,no_signal,38.2,0.0176645635961602
2026-01-07 15:37:00,2026-01-07 15:36:00,0.005309852305799723,0,0,0,flat,no_signal,38.18,0.0176645635961602
2026-01-07 15:38:00,2026-01-07 15:37:00,0.003976084291934967,1,0,0,flat,no_signal,38.18,0.0176645635961602
2026-01-07 15:39:00,2026-01-07 15:38:00,0.002434117952361703,1,0,0,flat,no_signal,38.18,0.0176645635961602
2026-01-07 15:40:00,2026-01-07 15:39:00,0.002030127914622426,1,0,0,flat,no_signal,38.14,0.0176645635961602
2026-01-07 15:41:00,2026-01-07 15:40:00,0.0033554332330822945,-1,0,0,flat,no_signal,38.14,0.0176645635961602
2026-01-07 15:42:00,2026-01-07 15:41:00,0.0008722353959456086,1,0,0,flat,no_signal,38.14,0.0176645635961602
2026-01-07 15:43:00,2026-01-07 15:42:00,0.0009990393882617354,1,0,0,flat,no_signal,38.1,0.0176645635961602
2026-01-07 15:44:00,2026-01-07 15:43:00,0.007337607908993959,0,0,0,flat,no_signal,38.1,0.0176645635961602
2026-01-07 15:45:00,2026-01-07 15:44:00,0.005659629125148058,0,0,0,flat,no_signal,38.08,0.0176645635961602
2026-01-07 15:46:00,2026-01-07 15:45:00,0.011730766855180264,-1,0,0,flat,no_signal,38.08,0.0176645635961602
2026-01-07 15:47:00,2026-01-07 15:46:00,0.013390455394983292,-1,0,0,flat,no_signal,38.06,0.0176645635961602
2026-01-07 15:48:00,2026-01-07 15:47:00,0.024147579446434975,-1,0,0,flat,no_signal,38.08,0.0176645635961602
2026-01-07 15:49:00,2026-01-07 15:48:00,0.004139275755733252,-1,0,0,flat,no_signal,38.06,0.0176645635961602
2026-01-07 15:50:00,2026-01-07 15:49:00,0.012883557006716728,-1,0,0,flat,no_signal,38.06,0.0176645635961602
2026-01-07 15:51:00,2026-01-07 15:50:00,0.010700039565563202,-1,0,0,flat,no_signal,38.04,0.0176645635961602
2026-01-07 15:52:00,2026-01-07 15:51:00,0.08084280043840408,-1,0,0,flat,no_signal,38.08,0.0176645635961602
2026-01-07 15:53:00,2026-01-07 15:52:00,0.004198687616735697,-1,0,0,flat,no_signal,38.1,0.0176645635961602
2026-01-07 15:54:00,2026-01-07 15:53:00,0.004081489983946085,-1,0,0,flat,no_signal,38.1,0.0176645635961602
2026-01-07 15:55:00,2026-01-07 15:54:00,0.0008318649488501251,-1,0,0,flat,no_signal,38.08,0.0176645635961602
2026-01-07 15:56:00,2026-01-07 15:55:00,0.0008001160458661616,-1,0,0,flat,no_signal,38.12,0.0176645635961602
2026-01-07 15:57:00,2026-01-07 15:56:00,0.0012773192720487714,-1,0,0,flat,no_signal,38.14,0.0176645635961602
2026-01-07 15:58:00,2026-01-07 15:57:00,0.006519184447824955,0,0,0,flat,no_signal,38.12,0.0176645635961602
2026-01-07 15:59:00,2026-01-07 15:58:00,0.004230739548802376,1,0,0,flat,no_signal,38.14,0.0176645635961602
2026-01-07 16:00:00,2026-01-07 15:59:00,0.005132847465574741,1,0,0,flat,no_signal,38.16,0.0176645635961602
